4	圈	1	收管、關住。
	圈	1	把四周包圍、環繞起來。
	圈	1	畫圈作記號。
	圈	1	外圓中空的東西或形狀。
	圈	1	飼養獸畜的地方。
	圈	2	普通名詞。圓形的符號，人類用來表示肯定。
	圈	2	普通名詞。物體維持本身的軸心，做出的連續改變方向的運動。
	圈	2	普通名詞。同一緯度的點所連結起來的頭尾相連的假想線。
	圈	3	專有名詞。姓。
	圈	3	計算事件從開始到結束的過程的單位。
	圈	3	普通名詞。接尾詞。飼養牲畜的地方，通常以柵欄圍起來。
	圈	3	畫圈做記號。
	圈	3	計算麻將局數的單位，四位參與者都輪流當過莊家即稱為一圈。
	圈	3	計算圈狀物的單位。
	圈	3	普通名詞。一個由人際關係、社會活動、職業或勢力所限定的抽象範圍。常用接尾詞。
	圈	3	普通名詞。物體繞著軸心，做出的圓周運動。
	圈	3	藉由限定範圍將特定對象隔離在內。
	圈	3	普通名詞。以經濟活動所定義的地理區域。常用接尾詞。
	圈	3	普通名詞。麻將局數的單位，四位參與者都輪流當過莊家即稱為一圈。
	圈	3	普通名詞。由起點沿著大致為圓形的路徑回到原點而圍成的形狀。
	圈	3	普通名詞。接尾詞。圈狀物品。
	圈	3	計算物體維持本身的軸心，做出的連續改變方向的運動的單位。
	圈	3	計算物體繞著軸心，做出的圓周運動的單位。
3	會	1	時機。
	會	1	可能。多用於疑問語氣。
	會	1	瞭解、領悟。
	會	1	能、能夠。
	會	1	大城市、行政中心。
	會	1	集合、聚合。
	會	1	為一定目的成立的團體組織。
	會	2	統計、計算。
	會	2	具有做後述事件的強烈傾向。
	會	2	多數人的集會、聚會。
	會	2	相見、見面。
	會	2	付款。
	會	3	普通名詞。民間一種小規模經濟互助組織。
	會	3	普通名詞。多數人為特定目標的聚集。
	會	3	時間詞。接尾詞。很短的時間。「會兒」、「一會兒」的簡省。
	會	3	面對面相見。
	會	3	表在通常狀況下，有可能實現。
	會	3	表條件符合，就一定實現。
	會	3	地方詞。為了共同目的，成立的團體組織。常用接尾詞。
	會	3	普通名詞。時機。
	會	3	結交朋友，用於「以…會友」。
4	本	1	事物的本原、根源。
	本	1	主要的、中心的。
	本	1	演出的底本。
	本	2	普通名詞。貨物的生產運輸過程中所花費的金錢。
	本	2	計算裝訂成的書冊的單位。
	本	2	稱自己或自己這方。
	本	2	普通名詞。接尾詞。同一書籍因編輯形式或裝訂方式的不同而產生的不同本子。
	本	2	起初的、原來的。
	本	2	書籍、字畫、碑帖等。
	本	2	現在的、目前的。
	本	2	普通名詞。比喻達成特定事件可以憑藉的條件。
	本	2	接頭詞。形容最主要的。
	本	2	表沒有經過改變的，或者改變之前的。
	本	2	表理所當然。
	本	2	計算戲劇作品的段落的單位。
	本	2	指正在經歷的後述時段。
	本	2	指最主要的，相對於其分出的其他對象。
	本	2	古代奏達皇帝的文書。
	本	2	根據、依憑。
	本	3	指時空上距離說話者較近的後述對象。
	本	3	引介出處。
	本	3	專有名詞。姓。
	本	3	指說話者所屬的團體。
	本	3	普通名詞。戲劇作品的段落。
	本	3	普通名詞。比喻事件發展的基礎。常用「…之本」。
	本	3	母金、資金。
	本	3	普通名詞。裝訂成書籍形式的物品。
	本	3	普通名詞。可以用於營利或其他事業的資金。
	本	3	普通名詞。草木的根莖部位。
	本	3	計算花木的單位。
	本	3	普通名詞。事件遵循的基礎。
	本	3	將特定對象作為言論或行動的基礎。
	本	3	普通名詞。事物的本源。
3	高	1	普通名詞。三角形、平行四邊形、梯形等從底部到頂點或從底部到與底部平行的邊之間的垂直距離。
	高	1	形容比喻輩份或地位階級大於比較對象。
	高	1	普通名詞。歌唱者中專門演唱高音域的音的人。
	高	1	形容數值大於比較對象。
	高	1	地方詞。環繞高雄市的縣。「高雄縣」的簡省。
	高	1	形容特定對象很巧妙，常與「招」連用。
	高	1	普通名詞。介於國民中學和大專院校之間等級的學校。「高中」的簡省。
	高	1	形容數值變大。
	高	1	普通名詞。物體的高度。
	高	1	形容程度或標準變高。
	高	1	形容程度或標準高於比較對象。
	高	1	地方詞。高中的建築物及建築物所在的位置。「高中」的簡省。
	高	1	形容音高變高。
	高	1	形容比喻前述對象輩份或地位階級變大。
	高	1	形容音高高於比較對象。
	高	1	形容有前述高度的。
	高	2	價格貴的。
	高	2	地方詞。位於臺灣南部，介於臺東縣、屏東縣、臺南縣之間的地區。「高雄」的簡省。
	高	2	超越一般水準的、等級在上的。
	高	2	聲音尖銳激昂的。
	高	2	高的地方。
	高	2	年紀老的。
	高	2	物體直立時上下的長度。
	高	3	專有名詞。姓。
	高	3	形容物體所處的位置離地面的距離大於比較對象。
	高	3	形容人的身高高於比較對象。
	高	3	地方詞。位於臺灣南部，為臺灣第二個直轄市。「高雄市」的簡省。
	高	3	形容前述對象身高變高。
	高	3	普通名詞。接尾詞。連接城市與城市之間，沒有紅綠燈管制，速限較高，專供機動車輛行駛的道路。「高速公路」的簡省。
	高	3	形容前述物體從頂部到地面的距離變大。
	高	3	形容物體從頂部到地面的距離大於比較對象的。
3	差	1	普通名詞。到特定地點執行任務的人。常用接尾詞。
	差	1	形容關係不親近的。
	差	1	安排人或運輸工具到特定地點執行任務。
	差	1	形容態度惡劣的。
	差	1	形容心理感到不舒服。
	差	2	因比較而產生區別。
	差	2	數學上指兩數相減所得的數。
	差	2	受派遣去做事的人。
	差	2	欠缺、短少。
	差	2	形容身體不舒服。
	差	2	普通名詞。各數值相減所得的總數。
	差	2	尚、略、還。
	差	2	被派遣去做的事。
	差	2	普通名詞。擔任的任務或使命。
	差	2	不好。
	差	2	缺失、錯誤。
	差	2	不整齊、不齊一。
3	文	1	專有名詞。姓。
	文	1	量詞。古代計算銅幣的單位。
	文	1	現象。
	文	1	有關文學方面的才能。
	文	1	形容文言的。
	文	1	普通名詞。古代的文獻。
	文	1	普通名詞。指文學、書法等以腦力為主的活動。
	文	1	普通名詞。文化。
	文	1	文章。
	文	1	形容不使用肢體暴力。
	文	1	刺染花紋圖案。
	文	1	文字。
	文	1	計算舊時銅錢的單位。
	文	1	普通名詞。文讀音。
	文	1	普通名詞。文言。
	文	1	普通名詞。以文字創造的具有藝術價值的創作。
	文	1	修飾。
	文	1	禮節、儀式。
	文	1	普通名詞。研究社會現象和文化藝術的科學。
	文	1	掩飾。
	文	1	普通名詞。獨立而首尾完整的成篇文字。
4	開	1	免除、取消。
	開	1	舒張、綻放。
	開	2	開闢後述道路或通道。
	開	2	計算溫度差的單位。「開爾文」的簡省。
	開	2	條列、列敘。
	開	2	移開封閉容器的部件與主體分離。
	開	2	形容方向多、距離遠。
	開	2	創辦、設立。
	開	2	形容水沸騰。
	開	2	創始。
	開	2	形容物體的部件不緊密結合。
	開	2	租用後述場地。
	開	2	移動封閉門窗的裝置物，使其空間的出入口不被封閉。
	開	2	規定招標時可以參與的條件或決定得標的方式。
	開	2	參加會議。
	開	2	擁有並使用後述廠牌的交通工具。
	開	2	高爾夫球比賽中，每一個比賽者的每一洞開始擊出第一球。
	開	2	比喻報紙新聞因遭刪除或趕拍不及等原因，產生一塊空白版面而導致部分無法刊出，常與「天窗」連用。
	開	2	開發後述尚未發展的地理區域。
	開	2	比喻人的經脈順暢。
	開	2	計算黃金中含純金量的單位，純金的含量是二十四開。
	開	2	撞球比賽中，每一局開始擊出第一球。
	開	2	拉動抽屜使其開口與所屬主體家具不密合。
	開	2	通指物體可以緊密結合的兩個部件往相反方向運動。
	開	2	比喻利用夜晚休息時間工作，通常為了趕時間。常與「夜車」連用。
	開	2	比喻決定並公佈抽獎結果。
	開	2	交通工具往特地方向行駛。
	開	2	交易談判過程中，買方或賣方提出交易價格。
	開	2	比喻拓展後述知識領域或經驗。
	開	2	進行會議。
	開	2	開創後述為特定對象所接受的固定事件。
	開	2	選舉時，計算並公佈票數。
	開	2	切開後述體積較大帶有厚殼的水果。
	開	2	從事件的起始點進行。
	開	2	比喻建立新的事件或展開事件的新階段。
	開	2	形容門窗或容器的開口或出入口不被封閉。
	開	2	前述對象的知識領域或經驗達到說話者預期的水準。
	開	2	宴請賓客或聚會時有後述桌數。
	開	2	比喻公佈中獎的獎券由前述商店賣出。
	開	2	球類比賽中，邀請來賓以具有象徵性的動作表示球賽開始。
	開	2	執行並取得特定檔案內容。
	開	2	股票或期貨市場在特定交易時段內得到後述成績。
	開	2	射箭時，將弓弦拉向主事者身體的方向以增加張力。
	開	2	公佈投標結果。
	開	3	沸騰。
	開	3	發掘、拓展。
	開	3	始做某種行為、動作。
	開	3	支付。
	開	3	引導、啟發。
	開	3	揭曉。
	開	3	啟、張。
	開	4	專有名詞。姓。
	開	4	消散。
	開	4	比喻聲音達到最佳狀態。
	開	4	利用開關裝置使輸送管道流通。
	開	4	提供後述菜餚。
	開	4	形容有花植物的花朵長出並舒展。
	開	4	在特定機構申請帳號。
	開	4	醫生幫病人進行侵入性治療。
	開	4	比喻在特定社交圈中很有影響力。
	開	4	比喻身體的柔軟度很好。
	開	4	比喻主持賭博的人設定輸贏的條件與贏錢的倍數。
	開	4	扣動扳機，發射子彈。
	開	4	割、剖。
	開	4	以言語或行動戲弄他人。常與「玩笑」連用。
	開	4	比喻使特定對象吃苦頭以達到警告的目的。
	開	4	比喻第一次經歷後述新的事件。常與「葷」連用。
	開	4	比喻向他人提出請求。
	開	4	比喻提出不可能實現的承諾。
	開	4	比喻男子與處女進行性行為。
	開	4	分離。
	開	4	利用開關裝置調節前述對象。
	開	4	舉行。
	開	4	比喻使用過去被淘汰的觀點或方法。常與「倒車」連用。
	開	4	創立後述機構。
	開	4	駕駛後述交通工具。
	開	4	以操作後述有動力的機械為職業。
	開	4	印刷時製作母版。
	開	4	事件或狀態從頭或特定時點起。
	開	4	發射。
	開	4	使用後述類型的詞彙或語氣，通常是負面。常與「腔」連用。
	開	4	表事件的規模或程度高。
	開	4	比喻提供進入特定領域的機會。常與「門」、「窗」連用。
	開	4	移除限制，使其可被使用。
	開	4	發動、啟行、駕駛。
	開	4	有權力的機構發出具有法律效力的文件。
	開	4	開始講話或唱歌。
	開	4	比喻提供或開始提供後述課程給學生修習。
	開	4	形容笑容很完整。常與「笑」連用。
	開	4	足球比賽中，死球之後由得球的一方重新展開比賽。
	開	4	量詞。計算紙張大小尺寸的單位。切割一大張紙為若干分之一稱為「開」。
	開	4	在自己家中烹調正餐。常與「伙」連用。
	開	4	經營後述商店或機構。
	開	4	破壞特定對象的表面，以製造出入口。
	開	4	利用開關裝置使機器運作。
	開	4	比喻既定行程的事件因特定原因而無法在預定的時間進行。常與「天窗」連用。
	開	4	有權威的對象擬出需他人遵守具有指示效力的文件。
	開	4	規劃並進行有主題的活動。
	開	4	為了取得內容物而移開密封容器或包裝物的部件。
	開	4	計算紙張大小尺寸的單位。全開尺寸等於109公分乘以78公分。
	開	4	租用旅館房間，以進行性行為。常與「房間」連用。
	開	4	付出金錢。
4	灌	1	增加儲值卡內的金額或點數。
	灌	1	比喻安裝後述軟體配件。
	灌	1	比喻假造特定數據，使其增加。
	灌	1	普通名詞。姓。
	灌	1	比喻接受後述教育，常與「墨水」連用。
	灌	1	比喻在看板上發表大量文章或文字。
	灌	1	比喻將思想觀念持續地放入接受者的腦中。
	灌	1	注入大量物質至特定容器或空間中，通常是流體或細小顆粒。
	灌	1	大量飲用後述液體。
	灌	1	大量前述流體進入後述範圍。
	灌	1	比喻利用後述對象影響他人或判斷，常與「迷湯」連用。
	灌	1	比喻將後述能量或技能傳給其他特定對象。
	灌	1	將內餡塞進後述可食用的腸衣內。
	灌	1	強迫後述對象飲用特定液態物。
	灌	1	將水倒入昆蟲或蚯蚓在土壤內的洞穴，使其爬出洞穴。鄉間兒童遊戲之一。
	灌	1	通過肛門注入特定液體以清洗直腸，並大量排泄。
	灌	1	比喻歌手演唱特定歌曲以製作專輯。
	灌	1	注入、倒進。
	灌	1	提供農田水量。
	灌	2	叢聚的。
	灌	2	錄製。
	灌	2	澆水。
	灌	3	食用特定食物以造成排泄。
	灌	3	球員以雙手或單手直接將球扣入籃框內。
4	破	1	花費、消耗。
	破	1	剖開、劈開。
	破	1	突破、破除。
	破	1	擊敗、攻下。
	破	1	形容受到損壞而殘破的東西。
	破	2	比喻改變後述狀態。
	破	2	比喻衝出或進入對立的一方所設下的阻擋。
	破	2	比喻將他人不想被人知道的事說出。
	破	2	前述物體因受到外力影響使特定部位脫離，而影響外觀的完整性。
	破	2	比喻事件的成果超過後述限定數目或數量。
	破	2	查出犯罪案件的犯罪者並將其逮捕到案。
	破	2	使完整的東西受到損壞而不完整。
	破	2	形容比喻女子與多個對象進行性行為的。
	破	2	比喻新的狀態產生。
	破	2	形容比喻機器傳出來的聲音品質不好。
	破	2	比喻故意違反特定限制或拘束。
	破	2	比喻前述物體受到外力影響而產生快速位移，穿越後述空間。
	破	2	比喻在球類運動中，在對方發球的局數中，將其擊敗。
	破	2	形容比喻品質或功能低於說話者預期的標準。
	破	2	主動對敵人進行武力行動，並擊敗敵人。
	破	3	毀壞、使碎裂。
	破	3	穿、透、揭穿。
	破	4	比喻超越後述標準。
	破	4	比喻不受後述對象的約束。
	破	4	比喻透露出真相以消除後述事件的影響力。
	破	4	形容完整的物體因受到外力影響而裂成小塊的。
	破	4	特定物品產生缺口。
	破	4	比喻損失大量金錢。
	破	4	比喻違背原本的約定。
	破	4	比喻在競技遊戲中的特定階段得到勝利。
	破	4	形容極差的。
	破	4	損壞後述物體造成可以出入的缺口。
	破	4	比喻解決對特定事件特別在意的心理狀態，通常為負面事件。
	破	4	差勁、低劣。
	破	4	除去對特定內容的保密方式。
	破	4	比喻找出解決方法以脫離後述負面事件。
4	家	1	專有名詞。姓。
	家	1	自稱或稱別人。
	家	1	經營某種行業或具有某種身分的人。
	家	1	普通名詞。從事前述行業的特定族群。
	家	1	普通名詞。比喻存放特定物品的專用空間。
	家	1	量詞。計算家庭、店鋪、大型企業等的單位。
	家	1	對人謙稱自己的親長。
	家	1	普通名詞。在特定領域中擁有前述專業或聲望的人。
	家	1	地方詞。一家人居住的建築物及建築物所在的位置。
	家	1	家中飼養的。
	家	1	形容被人飼養的。
	家	1	普通名詞。公司行號或商店。
	家	1	計算公司行號或商店的單位。
	家	1	普通名詞。比喻動物棲息的地方。
	家	1	學術流派。
	家	1	普通名詞。企業品牌的專用名稱。
	家	1	普通名詞。團體中因理念相同或風格相近而形成的小團體。
	家	1	普通名詞。接尾詞。屬於前述年齡層或性別的人。
	家	1	眷屬共同生活的場所。
	家	1	普通名詞。主要以婚姻、血緣關係為基礎所組成，通常包括父母、子女等親屬的社會單位。常用接尾詞。
	家	1	尊稱學有專長或有專門技術的人。
	家	1	普通名詞。一家人可以居住的建築單位。
	家	1	普通名詞。特定事件中地位相當的參與者。
	家	1	普通名詞。接尾詞。民族。
	家	1	代指說話者的長輩或同輩親屬。
	家	1	普通名詞。比喻特定生物的原生地。
4	絕	1	專有名詞。姓。
	絕	1	必定、鐵定。
	絕	1	形容結束，不再繼續。
	絕	1	絕句的簡稱。
	絕	1	普通名詞。一種詩歌體裁，一首四句。「絕句」的簡省。
	絕	1	冷酷，做事不留餘地。
	絕	1	形容想像不到，令人讚嘆。
	絕	1	形容沒有轉圜的餘地。
	絕	1	表確定沒有疑問。
	絕	1	卓越、獨一無二。
	絕	1	斷、隔開。
	絕	1	回拒、不接受。
	絕	1	極、甚。
	絕	1	表形容坡度很大近於垂直，常用於形容山勢。
	絕	1	絲毫沒有、毫無希望。
	絕	1	沒有後代。
	絕	1	表達到最高程度。
	絕	1	竭盡、完畢。
	絕	1	普通名詞。獨特高超的技藝。
	絕	1	使後述對象不再發生。
	絕	1	停止。
	絕	1	前述狀態消失或動作結束，不再持續。
4	愛	1	普通名詞。對特定對象的具體關懷或幫助。
	愛	1	普通名詞。強烈正面的感情。
	愛	1	因愛惜而無法放棄。
	愛	1	普通名詞。上帝給世人的愛。
	愛	1	形容個人所擁有，非常喜歡並珍惜的。
	愛	1	受到特定對象吸引而產生通常帶有性慾需求的強烈心理狀態。
	愛	1	重視並愛惜特定對象。
	愛	1	對後述對象有很深的感情。
	愛	1	對別人女兒的敬稱。
	愛	1	對後述對象有很強烈的認同。
	愛	1	喜好、親慕。
	愛	1	普通名詞。八德之一，重視並愛惜所有人事物的行為特質。
	愛	1	形容有很深感情的。
	愛	1	普通名詞。喜愛的對象。
	愛	1	親慕的情緒或親密的感情。
	愛	1	戀愛的對象。
	愛	1	與特定對象進行性行為。
	愛	2	專有名詞。姓。
	愛	2	恩惠、仁德。
	愛	2	兩情相悅的。
	愛	2	對後述事物有深厚的興趣。
	愛	2	所喜歡的人或物。
	愛	2	被寵愛的。
4	可	1	值得、堪。
	可	1	用於句中，表示加強語氣。
	可	1	表前述對象具有進行後述事件的條件。
	可	1	美好的。
	可	1	能夠。
	可	1	普通名詞。含有可樂果香液的碳酸飲料。「可樂」的簡省。
	可	1	肯定、贊成、贊同。
	可	2	專有名詞。姓。
	可	2	表後述事件為聽話者可以選擇自己進行的事件之一。
	可	2	表連接句子的轉折語氣，用來引出命題和前文相對的句子。
	可	2	普通名詞。五等第成績中的第四等，在佳之下，劣之上。
	可	2	表示疑問。
	可	2	和後述對象的心意相符。
	可	2	表對一個數量作評價。
	可	2	卻。
	可	2	但是、可是。
	可	2	表強調後述陳述。
3	班	1	工作或學習人員的分組組別。
	班	1	計算按照固定時間行駛的交通工具的路線的單位。
	班	1	回、還。
	班	1	按時間分成的工作段落。
	班	1	行業中的小團體。
	班	1	行列、行次。
	班	2	專有名詞。姓。
	班	2	地方詞。正規學校系統之外，教授特定知識或技能的場所所在的地方及其建築物。
	班	2	撤回。
	班	2	計算軍隊中班的單位。
	班	2	計算具有相同性質的人群的單位。
	班	2	計算經排定的固定工作時段的單位。
	班	2	地方詞。學校學生分組的基層單位所在的位置。
	班	2	普通名詞。按同樣授課內容編成的組別。常用接尾詞。
	班	2	計算班級的單位。
	班	2	普通名詞。軍隊編制之一，隸屬在排之下，伍之上。
	班	2	普通名詞。經排定的固定工作時段。
	班	2	普通名詞。正規學校系統之外，教授特定知識或技能的場所。
	班	2	普通名詞。學校學生分組的基層單位，通常使用一間固定的教室。常用接尾詞。
	班	2	計算有固定路線，按排定時間行駛的交通工具的行駛次數的單位。
3	作	1	普通名詞。文學藝術等創作的成品。
	作	1	代動詞。做，取代整個事件。
	作	1	前述對象的工作或身份是後述對象。
	作	1	以特定原料或材料做成成品。
	作	1	前述對象連接的是後述對象，表兩者指涉相同。
	作	1	睡眠時腦部活動產生記憶與知覺。常與「夢」連用。
	作	2	為、當。
	作	2	使動物失去生命。
	作	2	普通名詞。接尾詞。具有製作前述物品技術，並以其為職業的人。
	作	2	對還沒有實現的事物有期望。常與「夢」連用。
	作	2	比喻因做特定事件而造成特定結果。
	作	2	創作。
	作	2	詩文書畫與藝術品稱為「作」。
	作	3	判斷並做出陳述。
	作	3	把兩個描述對象認定為相同或具有相同功能。
	作	3	工人、工匠。
	作	3	使用負面手段以達特定目的。
	作	3	製作某些工藝作品的場所。
	作	3	進行性行為。常與「愛」連用。
	作	3	依照特定想法或概念創作出特定對象。
	作	3	對還沒有實現的事物有不切實際的期望。常與「夢」連用。
	作	3	假裝。
	作	3	進行特定正式活動。
	作	3	將材料依照設計規格，建造後述供人類活動的房屋或土木工程。
	作	3	招惹、自找。
	作	3	進行、舉行。
	作	3	裝出比實際狀況更強或更好的後述狀態。
	作	3	擺出後述表情或姿勢。
	作	3	以眼神或其他肢體動作傳遞特定訊息。
	作	3	興起、振起。
	作	3	拿定主意去行動。
	作	3	事業。
	作	3	進行某事。
	作	3	成為。
	作	3	標示後述記號。
	作	3	造就、培育。
4	和	1	將事物混合在一起。
	和	1	引介關聯的對象。
	和	1	與、跟。
	和	1	形容比賽結果不分勝負。
	和	1	引介共同做事的對象。
	和	1	日本的別名。
	和	1	攪拌、混合。
	和	1	溫順的、安詳的。
	和	1	對等連接詞。連接並列的詞組，表做連接的事件同時成立。
	和	1	連同。
	和	1	對、向。
	和	1	牌戲中牌張已湊齊成副而獲勝稱為「和」。
	和	1	各數相加的總數。
	和	1	形容牌戲中特別是麻將，牌張已湊齊成一副而獲勝。
	和	1	普通名詞。各數值相加所得的總數。
	和	1	聲音相應。
	和	1	和平、停戰。
	和	1	敦睦、調諧。
	和	1	比喻人跟人親密而無分際地相處在一起。
	和	1	普通名詞。八德之一，與所有人事物和諧相處不產生衝突的心理特質。
	和	2	呼應主旋律或主調演唱或演奏。
	和	2	引介事件的目標或接受者。
	和	2	引介比較的對象。
	和	2	普通名詞。全部事項加起來的結果。
	和	2	跟隨主旋律或主調演唱或演奏。
4	線	1	普通名詞。特定行進路徑。常用接尾詞。
	線	1	普通名詞。比喻特定通訊線路。
	線	1	普通名詞。比喻特定對象在特定事件中所佔的地位。
	線	1	普通名詞。接尾詞。比喻特定抽象事件的臨界點。
	線	1	交通路徑。
	線	1	普通名詞。接尾詞。人掌心上的紋路，可用來預測未來的吉凶禍福。
	線	1	普通名詞。接尾詞。由同一緯度或經度的點連結起來的假想線。
	線	1	普通名詞。為特定事件未來發展所預先佈局的人力或計畫。
	線	1	普通名詞。特定平面上由一點任意移動所構成的圖形，有位置與長度，無厚度與高度。常用接尾詞。
	線	1	計算特定通訊線路的單位。
	線	1	普通名詞。分析股市走勢的曲線圖。常用接尾詞。
	線	1	普通名詞。接尾詞。比喻由前述特質所限定的抽象範圍。
	線	1	普通名詞。用特定材質製成，可隨意彎曲的細長物。常用接尾詞。
	線	1	普通名詞。比喻和特定對象之間的感情連結。
	線	1	計算馬路上供車輛行駛的車道的單位。
	線	1	普通名詞。可以獲得真相或進一步訊息的媒介。
	線	2	量詞。計算線路數量的單位。
	線	2	祕密尋求關於人、事、物的門路。
	線	3	比喻像線一般細長的東西。
	線	3	比喻將要接近的某種界限。
	線	3	邊緣、邊界。
	線	3	用棉、麻、絲、金屬等製成的細縷或細長物，可隨意彎折。
	線	3	幾何學上指一點任意移動而成的圖形。是「面」的界，有位置與長度，無厚度與高度。
	線	4	專有名詞。姓。
	線	4	普通名詞。特定對象的邊界。常用接尾詞。
	線	4	普通名詞。接尾詞。屬於前述範圍的新聞事件。
	線	4	普通名詞。顯示在特定平面上的線條或細長的紋路痕跡。常用接尾詞。
	線	4	普通名詞。馬路上供車輛行駛的多個車道中的其中一個。
	線	4	暫時量詞。計算細長光影的單位。
3	卡	1	計算能源或燃料能產生熱能的單位。
	卡	1	普通名詞。用來搬運物品、可載重的車子。「卡車」的簡省。
	卡	1	形容比喻特定事件無法順利進行。
	卡	1	普通名詞。快速播放繪製的圖片而成的影片。「卡通」的簡省。
	卡	1	比喻和他人競爭，以取得他人的職位和優勢。常與「位」連用。
	卡	1	將特定物體放入另一凹凸形狀可互相配合的物體中。
	卡	1	普通名詞。小且薄的片狀物，通常具有代表身分的功能。常用接尾詞。
	卡	1	特定物體困在特定通道中無法移動。
	卡	1	普通名詞。戲劇中演員扮演的人物。
	卡	1	硬紙片。為英語card的音譯。
	卡	1	比喻特定事件無法順利進行。
	卡	1	普通名詞。有管制的關口。
	卡	1	表與其他同類對象做對照比較時，程度上高一點。
	卡	1	前述物體阻礙後述對象，使其無法自由行動。
	卡	1	普通名詞。可寫上字句表達情感的片狀物。常用接尾詞。「卡片」的簡省。
	卡	1	普通名詞。音響設備中放置卡帶的座槽。
	卡	1	形容肢體動作不流暢。
	卡	1	擬聲詞。模擬物體摩擦的聲音。
	卡	1	比喻與他人競爭以佔據特定空缺。常與「位」連用。
	卡	1	被夾住或堵塞而不能活動。
	卡	1	提醒語。用於表示停止進行拍攝活動。
	卡	1	計算食物熱量的單位。「卡路里」的簡省。
	卡	2	受到特定靈性存在物的影響。常與「陰」連用。
	卡	2	政府派兵駐守的關口或收稅的地方。
	卡	2	卡路里的簡稱。
4	片	1	準量詞。計算視覺上大面積的建築物集合體的單位。
	片	1	普通名詞。大面積的自然景觀的單位。
	片	1	計算大面積的自然景觀的單位。
	片	1	計算片狀的食材的單位。
	片	1	短暫的。
	片	1	將厚物以刀橫著或斜著切成薄片狀。
	片	1	拿刀以橫切的方式將後述食物切成片，通常是肉。
	片	1	準量詞。計算均勻分佈的光線或顏色的單位。
	片	1	準量詞。計算特定範圍內一致的氣氛的單位。
	片	1	普通名詞。片狀的食材的單位。
	片	1	普通名詞。平而薄的物體的單位。
	片	1	準量詞。計算大量且一致的聲音的單位。
	片	1	準量詞。計算大量且一致的主張的單位。
	片	1	準量詞。計算人的心理狀態的單位。
	片	1	普通名詞。平而薄的物體。常用接尾詞。
	片	1	單一的。
	片	2	普通名詞。切成片狀的食材。常用接尾詞。
	片	2	準量詞。計算特定範圍內一致的景象的單位。
	片	2	普通名詞。影音作品壓製成的產品的單位。
	片	2	計算牆或窗戶的單位。
	片	2	微少的。
	片	2	普通名詞。視覺上大面積的建築物集合體的單位。
	片	2	計算平而薄的物品的單位。
	片	3	薄而扁平的東西。
	片	3	印有姓名或可供通信的紙片。
	片	3	扁平的東西。
3	比	1	專有名詞。易經卦名，易經六十四卦之一，坤下坎上。
	比	1	以手指示位置。
	比	1	依規則在競爭中爭取勝利。
	比	1	引介同類數量間的倍數關係。
	比	1	表示勝負結果的對比。
	比	1	將衣物或其他物品放在適當的背景前，以決定是否適合。
	比	1	普通名詞。同類的兩數量相除的結果。
	比	1	普通名詞。詩經六義之一，即譬喻。
	比	1	做出手勢。
	比	1	結黨營私。
	比	1	拿比較熟悉的事物來描述、解釋另一事件。
	比	1	相當或勝出。
	比	1	依照、仿照。
	比	1	引介競賽得分數的對照比較。
	比	1	比較程度、性狀的差別。
	比	1	地方詞。「比利時」的簡省。
3	生	1	專有名詞。姓。
	生	1	前述對象造成了有利於後述對象生長或活動的環境，只用於說話者不願意後述事件發生的語境下。
	生	1	形容未經過物理或化學加工製造的。
	生	1	比喻特定對象因前述原因而產生。
	生	1	果實尚未成熟。
	生	1	新的植物個體產生並生長。
	生	1	強迫。
	生	1	泛指生物。
	生	1	生理或心理上的狀態不正常。「生病」的簡省。
	生	1	原本不存在的事件出現。
	生	1	前述對象有利於後述對象的發展。
	生	1	物體表面出現會影響其外觀或價值的特定對象，通常是斑點或鐵鏽。
	生	1	比喻心中出現特定想法或情緒。
	生	1	製造、新創。
	生	1	很、甚。
	生	1	比喻從無到有製造或取得後述對象。
	生	1	生物體生出後述有機組織。
	生	1	胎兒從母體中出來，成為一個獨立的生命。
	生	1	學習者、門徒。
	生	1	生計。
	生	1	比喻因不符合自己的心意而產生不愉快的情緒。
	生	1	形容未經常接觸特定對象而沒有交情的。
	生	1	長出、生長。
	生	1	普通名詞。向具有特定專長的人學習的人。「學生」的簡省。
	生	1	表用盡心力。
	生	1	普通名詞。中國傳統戲曲角色之一，通常為文雅的男性角色。常用接尾詞。
	生	1	罕見、不熟悉。
	生	1	發生、產生。
	生	1	讀書人稱為「生」。
	生	1	普通名詞。在學校系統內讀書學習的人。「學生」的簡省。
	生	1	特定生物的物種的原生地是後述地點或環境。
	生	1	沒有加工或鍛鍊過的。
	生	1	普通名詞。從出生到死亡的時間。
	生	1	形容比喻因缺乏使用而失去技能。
	生	1	點燃火柴或木炭。常與「火」連用。
	生	1	形容果實還未成熟到可以立即食用。
	生	1	生存、活存。
	生	1	量詞。計算一輩子的單位。
	生	1	形容因為不常進行後述事件而沒有充分的知識。
	生	1	人處於特定時代或團體中。
	生	1	戲劇裡的腳色名稱。
	生	1	沒有煮熟的。
	生	1	動物的母體使胎兒或卵離開母體，得到獨立的生命。
	生	1	形容食材烹煮的程度很低，較接近其未經烹煮的狀態。
	生	1	生命。
	生	1	生存、生活。
	生	1	計算一次轉世輪迴的單位。
4	還	1	再，表示繼續、重複。
	還	1	表前述範圍之外有所補充。
	還	1	或者，表示有選擇。
	還	1	表程度高於比較對象。
	還	1	恢復、回復。
	還	1	償付。
	還	1	返回、回來原來的地方。
	還	1	居然、竟然。
	還	1	表動作或情況持續不變，通常用於轉折語氣。
	還	1	表事情尚未完成。
	還	1	回報、報復。
	還	1	表預期發生的改變在時間參考點之後。
	還	1	表超出預料。
	還	2	更，表示程度。
	還	2	猶、尚。
	還	2	相對等地回覆、回應。
	還	2	返回、回來。
	還	2	仍舊、依然。
4	正	1	將後述錯誤修改為正確的。
	正	1	時間或金額剛好達到特定整數。
	正	2	接頭詞。形容在中間或最主要的位置的。
	正	2	表前述對象不經刻意安排而完全符合後述描述。
	正	2	形容對特定對象的正面評價極高。
	正	2	表特定對象的順序與預期的順序形成完全的對比。
	正	2	調整後述對象使其恢復到正確的位置。
	正	2	形容符合說話者所認知的正確位置與方向。
	正	2	普通名詞。贊成的意見。
	正	2	普通名詞。以正號代表特定意義的標誌。
	正	2	形容對特定對象有好的影響。
	正	2	形容字體端正符合標準的。
	正	2	形容比零大的。
	正	3	專有名詞。姓。
	正	3	接頭詞。形容具有完整的地位或權力的。
	正	3	普通名詞。人造物約定俗成朝上或朝前且最容易觀察到的面。
	正	3	形容與參考點連成一線後完全符合的方向。
	正	3	接頭詞。形容是正統傳承的。
	正	3	合於規範的、合於法則的。
	正	3	接頭詞。形容農曆閏月時原有的月份。
	正	3	與「反」相對。
	正	3	接頭詞。形容後述多邊形的各邊長度和各角度都相等。
	正	3	不偏斜。
	正	3	表動作進行中或狀態持續中。
	正	3	恰巧、剛好。
	正	3	形容人的外表好看，具有美的特質。
	正	3	形容沒有錯誤、符合規定和法度的。
	正	3	改變原本不適當的表情或態度。
	正	3	使後述對象端正，合乎規範。
	正	3	接頭詞。形容完全符合後述對象所要求的標準和條件。
	正	3	普通名詞。漢字「正」字所呈現出的形狀，用於以寫正字的五個筆畫來作為計數的方法。
	正	3	形容電子聚集少，帶正電的。
	正	3	形容沒有摻雜其他成分的。
	正	3	普通名詞。比零大的數目。
	正	3	與「副」相對。
	正	3	與「偏」相對。
	正	3	普通名詞。用來表示數目比零大的數學符號。
	正	3	與「負」相對。
	正	3	長官、主事者。
	正	3	形容特定對象的位置是上下正確的。
	正	3	接頭詞。形容最主要的。
	正	3	精純不雜的。
	正	3	修改錯誤。
	正	3	表示動作在進行的狀態。
4	排	1	安置、設置。
	排	1	擯斥、排斥。
	排	1	普通名詞。用竹子、木頭或其他類似材質編成的大型片狀水上交通工具。常用接尾詞。
	排	1	橫列在一起的。
	排	1	普通名詞。多個特定對象排列成行或成列的集合體。
	排	1	比喻將人員配置在特定的位置。
	排	1	排骨肉的簡稱。或指切成扁平狀的肉片。
	排	2	排列成特定隊形。
	排	2	同輩親屬依照年紀排列的次序為。
	排	2	計算多個特定對象排列成行或成列的集合體的單位。
	排	2	計算軍隊中排的單位。
	排	2	比喻排解特定負面情緒。
	排	2	普通名詞。在長方形球場中，以網子為分隔界線的一種球類運動，6人為一隊，雙方往復以手托球或擊球過網。「排球」的簡省。
	排	2	形容由多個同類對象排列成一線的。
	排	2	比喻克服或忽略後述對象帶來的阻礙。
	排	2	從特定主體中釋出流體或物質。
	排	3	用竹子或木頭編排而成的水上交通工具。
	排	3	消除、除去。
	排	3	量詞。計算成列人或物的單位。
	排	3	練習演戲。
	排	3	汽、機車換檔。
	排	3	推、擠開。
	排	3	排球隊的簡稱。
	排	4	依照特定方式安置特定對象。
	排	4	名次排列為。
	排	4	一個接著一個，依照順序擺列。
	排	4	有條理的規劃特定事件。
	排	4	比喻利用特定方式使特定對象失去地位或利益。
	排	4	在正式表演前演練表演內容。
	排	4	普通名詞。接尾詞。大而扁平的肉片。
	排	4	普通名詞。軍隊編制之一，隸屬在連之下，班之上。常用接尾詞。
	排	4	推開後述物體。
	排	4	排成的橫列。
3	掛	1	打電話。
	掛	1	牽念、懸念。
	掛	1	經常說出特定陳述。
	掛	1	量詞。計算成套或成串物品的單位。
	掛	1	形容生物失去生命。
	掛	1	利用電話裝置與人通話。
	掛	1	普通名詞。具有共同性的人或物。
	掛	1	支撐特定物體的一端使其維持在特定高度。
	掛	1	比喻心裡持續想著特定對象。
	掛	1	比喻前述事件沒有進展或結果。
	掛	1	懸吊。
	掛	1	計算同一枝上同時生長多個果實的水果的單位。
	掛	1	將話筒放回電話機上切斷通訊。
	掛	1	佩戴、穿戴。
	掛	1	比喻長時間作特定事件，通常是使用網路或看電視。
	掛	1	連結可拆卸的車廂。
	掛	1	形容可用來懸掛的。
	掛	1	登記並留下紀錄以獲得特定服務。
	掛	1	用來懸吊的。
	掛	1	比喻把文字、圖片或連結公佈在網路上。
	掛	1	比喻臉部顯示出特定表情或情緒。
	掛	1	計算車廂的單位。
	掛	1	登記。
	掛	1	帶著。
	掛	1	比喻維持住尊嚴。
	掛	1	形容比喻機器的特定功能喪失。
	掛	1	結束與他人利用電話裝置的通話。
	掛	1	將物品繫掛在身上。
	掛	1	形容比喻在競爭中被淘汰。
	掛	1	將尚未結的帳目記錄在帳本上。
	掛	1	計算多個同類對象串連成一個整體的物體的單位。
	掛	1	死、完蛋。
	掛	1	特定物體的一端被支撐而維持在特定高度。
4	進	1	由外入內。
	進	1	買入特定投資物。
	進	1	在特定節目段落間播放特定內容。
	進	1	將特定對象包含至參考範圍內。
	進	1	舊式中式房舍的院落層次。
	進	1	比喻在比賽中晉級到後述階段。
	進	1	比喻到達後述時段。
	進	1	到神的面前恭敬地把香插進香爐裡。
	進	1	推薦或引進特定對象給後述對象。
	進	1	使物體經過口中吞入體內。常與「餐」連用。
	進	1	在固定時段內收進來的錢是後述金額。
	進	1	營利單位訂購特定商品。
	進	1	從參考位置的外面移到參考位置的裡面。
	進	2	舊式房舍的院落層次。
	進	2	比喻開啟特定網頁並使用。
	進	2	收入、買入。
	進	2	積極、努力。
	進	2	向上或向前移動。相對於「退」。
	進	3	專有名詞。姓。
	進	3	呈獻、奉上。
	進	3	比喻做官。
	進	3	將貢品獻給皇帝或皇族。
	進	3	推荐。
	進	3	物體往與面對方向相同的方向移動。
	進	3	比喻特定事件向正面發展。
	進	3	數學運算時將尾數進位。
	進	3	比喻正式加入特定團體。
4	見	1	觀察而辨識出後述現象。
	見	1	面對面相見。
	見	1	建議讀者參考後述書面資料。
	見	1	用眼睛察覺到，強調動作的結果。
	見	1	表後述動作的對象是說話者。
	見	1	形容前述感官動作完成。
	見	2	顯露、顯出。
	見	2	會晤、接待。
	見	2	表示逐漸的趨向、趨勢。
	見	2	看到、看見。
	見	2	遇到。
	見	2	拜會、訪問。
	見	2	看法、見解。
	見	2	用在動詞前，表示主體對所涉及的對象如何。
	見	3	普通名詞。對特定事物的認識見解。
	見	3	顯示出後述可被觀察的狀態。
	見	3	專有名詞。姓。
	見	3	接頭詞。表後述動作為被動。
	見	3	特定物體和其他物體相觸碰。
3	要	1	索取、討取。
	要	1	關鍵、重點。
	要	2	即將。
	要	2	脅迫。
	要	2	形容在相關對象中意義重大的。
	要	2	求取。
	要	2	關聯連接詞。連接列舉事項。常用「要…要…」。
	要	2	普通名詞。重要的事。
	要	2	表示提醒或命令人做某事。
	要	2	如果。表示假設的關係。
	要	2	後述事件為前述事件的必要條件。
	要	2	表按照道理必須做後述事件。
	要	2	表推斷後述的陳述。
	要	2	重大的、重要的。
	要	2	請求、拜託。
	要	2	關聯連接詞。連接假設條件。
	要	2	收為己有。
	要	2	應該。
	要	2	要麼的簡稱。表示選擇的關係。
	要	2	表心中存有完成後述事件的願望。
	要	2	表指示後述對象做事。
	要	2	表預期後述事件會在很短的時間內發生。
	要	2	需要。
	要	2	概括、總括。用於文言文。
	要	2	提出後述需求或條件。
	要	2	根據已確定的權益，提出履行後述義務的要求。
2	吃	1	擔負。
	吃	1	耗費。
	吃	1	口中咀嚼食物後嚥下。有時吸、飲液體亦稱為「吃」。
	吃	1	說話結巴、言語困難的樣子。
	吃	1	沉入。用來說明船舶下沉於水面下程度的用語。
	吃	2	服用藥物。
	吃	2	比喻身體遭受後述事物的攻擊。
	吃	2	比喻機器接受特定物品。
	吃	2	比喻物品或能量因使用而漸漸減少。
	吃	2	比喻船身入水而將水排開。
	吃	2	使用會令人上癮的物品，通常用口或鼻攝入。
	吃	2	比喻將案子的紀錄消除且不呈報。
	吃	2	比喻佔便宜。
	吃	2	理會、接納。
	吃	2	比喻有能力接受或完成。
	吃	2	比喻依靠後述對象過生活。
	吃	2	比喻機器接受特定物品後，不歸還或沒有應有的反應。
	吃	2	偏好後述口味或烹調方式。
	吃	2	用牙齒磨咬物品。
	吃	2	經歷後述包括飲食的社交聚會。
	吃	2	比喻以不正當的方式取得財物。
	吃	2	比喻經歷後述負面事件。
	吃	2	將物體含咬在口中，為不自主的習慣動作。
	吃	3	吸入、吸收。
	吃	3	下棋、玩牌時奪取對方的棋子或牌張。
	吃	4	吞沒。
	吃	4	比喻併吞。
	吃	4	在後述地點用餐。
	吃	4	比喻在商業上佔有市場。
	吃	4	比喻後述做法會對前述對象產生作用。
	吃	4	比喻絞到後述細長物體。
	吃	4	比喻評估。
	吃	4	比喻用不合理的手段欺負特定對象。
	吃	4	比喻爭取到後述好處。
	吃	4	捱、受。
	吃	4	比喻使用大量的資源。
	吃	4	比喻取得對方棋子或牌。
3	當	1	合宜。
	當	1	把兩個描述對象認定為相同或具有相同功能。
	當	1	電腦發生故障，暫時無法使用。
	當	1	使成績不及格。
	當	1	擔任。
	當	1	前述對象的工作或身份是後述對象。
	當	1	引介背景事件作為時間的範圍。
	當	1	以物品向當舖抵押借錢。
	當	1	比喻妨礙特定事件進行使其不順利。
	當	1	經歷患難。
	當	1	表事件在道理上就應該這樣進行。
	當	1	接受。
	當	2	當作、作為。
	當	2	用物品向當鋪抵押借錢。
	當	2	以為、認為。
	當	2	同一。
	當	2	評價後述對象。
	當	2	圈套、詭計。
	當	2	適合、相稱。
	當	2	值、正值。
	當	3	前述對象所在的位置正面朝向後述對象。
	當	3	認知者對事物的判斷。
	當	3	視、認為。
	當	3	應該。
	當	3	承受。
	當	3	指與參考事件相同的時間或地點。
	當	3	成績不及格。或以為來源是借用橋牌術語「down」。
	當	3	形容撞擊金屬器物的聲音。
	當	4	彼、那。指在事情發生的時間內。
	當	4	主管、管理。
	當	4	面對、對著。
3	打開	1	拉動抽屜使其開口與所屬主體家具不密合。
	打開	1	翻開。
	打開	1	將控制特定對象使其無法被打開或使用的裝置解除。
	打開	1	揭開。
	打開	1	比喻聲音達到最佳狀態。
	打開	1	利用開關裝置使輸送管道流通。
	打開	1	比喻拓展後述知識領域或經驗。
	打開	1	比喻提供進入特定領域的機會。常與「門」、「窗」連用。
	打開	1	開闢後述道路或通道。
	打開	1	開創後述為特定對象所接受的固定事件。
	打開	1	為了取得內容物而移開密封容器或包裝物的部件。
	打開	1	比喻身體的柔軟度很好。
	打開	1	有花植物的花朵長出並舒展。
	打開	1	比喻建立新的事件或展開事件的新階段。
	打開	1	推開、拉開。
	打開	1	移除限制，使其可被使用。
	打開	1	使停滯的情況開展或狹小的範圍擴大。
	打開	1	移動封閉門窗的裝置物，使其空間的出入口不被封閉。
	打開	1	切開後述體積較大帶有厚殼的水果。
	打開	1	射箭時，將弓弦拉向主事者身體的方向以增加張力。
	打開	1	開始講話或唱歌。
	打開	1	執行並取得特定檔案內容。
	打開	1	比喻人的經脈順暢。
	打開	1	破壞特定對象的表面，以製造出入口。
	打開	1	利用開關裝置使機器運作。
	打開	1	通指物體可以緊密結合的兩個部件往相反方向運動。
	打開	1	移開封閉容器的部件與主體分離。
3	背	1	普通名詞。椅子上可供背倚靠的部份。
	背	1	位置詞。人造物約定俗成朝下或朝後最不容易觀察到的面。
	背	2	負荷。
	背	2	運氣不好。
	背	2	聽力不好。
	背	2	物體的反面或後面。
	背	2	違反。
	背	2	用背部對著。
	背	3	離開、拋棄。
	背	3	普通名詞。穿著時覆蓋於背部的衣服部份。
	背	3	不需提示即可將後述內容說出來。
	背	3	用背承載後述對象的重量。
	背	3	將特定事物放在記憶中。
	背	3	將有帶子的特定物品掛在軀幹上，以方便攜帶。
	背	3	形容聽力不好。
	背	3	僻靜的。
	背	3	不遵守後述規定或不履行承諾。
	背	3	比喻承受責任或義務。
	背	3	形容運氣不好。
	背	3	記憶。
	背	3	前述物體正面相反的方向，對著後述地點。
	背	3	瞞著後述對象做事。
3	大	1	接頭詞。形容時間比描述對像往前或往後一個單位，用於以「大」開頭的時間詞。
	大	1	形容強調後述時令、天氣、節日。
	大	1	形容尊稱事物與特定對象有關係的。
	大	1	普通名詞。身心發育成熟的人。
	大	1	社會地位比較高。
	大	1	形容詢問不確定的後述對象。
	大	1	與「不」字連用，表次數少或程度淺。
	大	1	表做後述事件的程度非常高。
	大	1	形容同輩社會關係排行第一的。
	大	1	地方詞。大學的建築物及建築物所在的位置。「大學」的簡省。
	大	1	表程度深。
	大	1	形容前述事件所牽涉的對象的量很大。
	大	1	形容尊稱後述身份或機構。
	大	1	形容有困擾或煩惱的，常與「頭」連用。
	大	1	形容在相關對象中最重要的。
	大	1	形容有前述年紀的。
	大	1	動物排泄糞便。
	大	1	普通名詞。在眾多名配偶或情人中，名義上排第一的。
	大	1	形容愛講話、喜歡搬弄是非，常與「嘴巴」連用。
	大	1	普通名詞。學校系統中最高等級，授予學位的學校。「大學」的簡省。
	大	1	生物體在發育過程中由小到大直到成熟。
	大	1	形容年紀比特定對象大。
	大	2	誇耀、自以為是。
	大	2	形容懷孕的，常與「肚子」連用。
	大	2	表示尊敬之詞。
	大	2	年紀較大的人。
	大	2	在體積、面積、容量、數量、強度、深度、力量等方面超過一般，或超過比較的對象。與「小」相對而言。
	大	2	時間上更前或更後，有強調的意味。
	大	2	差不多、不很精確。
	大	3	形容年紀大的。
	大	3	形容將特定對象的格局擴展，或地位提升。
	大	3	表對年紀較長的人的暱稱。
3	出	1	數目或數量大於後述對象。常用否定句。
	出	1	後述對象來自前述對象。
	出	1	脫離、離開。
	出	1	離開後述原本所在的地點。
	出	1	物品或能量因使用而漸漸減少。
	出	1	用在動詞之後，表示前述動作完成或實現並得到結果。
	出	1	造成前述對象的原因為。
	出	1	給予、支付。
	出	1	比喻進入職場工作。常與「社會」連用。
	出	1	在牌類或划拳遊戲中展示自己的牌或特定手勢以定輸贏。
	出	1	提供後述對象以供他人使用。
	出	1	離開原本工作的地點去辦理公務。常與「差」連用。
	出	1	到。
	出	1	發洩。
	出	1	超越。
	出	1	自內至外。與「入」相對。
	出	1	策劃。
	出	1	表現、顯露。
	出	1	放在動詞之後，表示動作趨向或效果完成。
	出	2	做出丟臉且令自己感到難為情的事情。
	出	2	特定對象出現。
	出	2	讓氣體從口或鼻出來。常與「氣」連用。
	出	2	從參考位置的裡面移到參考位置的外面。
	出	2	將內在負面的情緒散發出來。常與「氣」連用。
	出	2	產生、發生。
	出	2	影像聲音或文字作品編印或製作成成品正式發行。
3	頭	1	位置詞。特定空間中，離說話者最近或最遠的一邊。
	頭	1	在先的。
	頭	1	普通名詞。精神理智狀態。
	頭	1	暫時量詞。描述整個人的身體。
	頭	1	普通名詞。領先的優勢。
	頭	1	不贊成、反對，即搖頭的意思。
	頭	1	答應，即點頭的意思。
	頭	1	頂端或末稍。
	頭	1	普通名詞。首領。
	頭	1	普通名詞。事件的開始。
	頭	1	順序上排在最先前的事物。
	頭	1	暫時量詞。描述整個人全心投入特定事件。
	頭	1	賭博或交易中所抽取的錢財。
	頭	1	首領。
	頭	1	最前的。
	頭	1	普通名詞。不同的地點。常用「…兩頭」。
	頭	1	頭髮或髮式。
	頭	1	暫時量詞。計算頭髮整體的單位。
	頭	1	普通名詞。頭髮。
	頭	1	計算家畜隻數的單位。
	頭	1	普通名詞。責任承擔者。
	頭	1	事情的端始或結束點。
	頭	1	普通名詞。與聽話者有較親暱的關係，表不贊同的意思，常用「V+…的頭」。
	頭	1	人或動物脖子以上的部分。
	頭	1	普通名詞。接尾詞。髮型。
	頭	1	普通名詞。不同的事物。常用「…兩頭」。
	頭	1	人的代稱。
3	轉	1	巡視、繞。
	轉	1	計算黑膠唱片適當播放時的轉速的單位。
	轉	1	將存錄的資料由一方傳給另一方。
	轉	1	轉緊發條。
	轉	1	將後述對象改變成新的特定對象。常用「轉…成」、「轉…為」。
	轉	1	特定事物的所有權擁有者發生改變。
	轉	1	普通名詞。接尾詞。旋轉。
	轉	1	使物體維持本身的軸心，做連續改變方向的運動。
	轉	1	詩文章法結構的用語。
	轉	1	比喻從原來就讀的科系變換到另一個科系就讀。
	轉	1	比喻電話由總機接到分機。
	轉	1	改變成後述狀態。
	轉	1	將特定對象由一方傳送到另一方。
	轉	1	物體維持本身的軸心，做連續改變方向的運動。
	轉	1	從一個交通工具換到另一個交通工具。
	轉	1	計算機器運轉的速度的單位。
	轉	1	比喻現在特定的情境或議題中。
	轉	1	依固定的軸環繞方向，循環不變。
	轉	1	改變行進路線。
	轉	1	比喻改變檔案播放的速度或段落。
	轉	1	普通名詞。詩文章法結構的用語之一，改變陳述的方向。
	轉	1	比喻改變事件的對象。
	轉	1	比喻改變議題。
	轉	1	改變方向。
	轉	1	比喻更改想法。
	轉	1	物體繞著軸心，作圓周運動。
	轉	1	比喻改變頻道。
	轉	1	在特定範圍內的各個地點走一遍。
	轉	1	將特定對象與其附帶責任由中介者送到另一方。
4	後	1	位置詞。比喻實際狀況不容易看清，好像被表象所遮蓋的狀況。
	後	1	普通名詞。人類代代繁衍出的子孫。
	後	1	時間詞。將有時間順序的事件分成兩部分，指在參考點之後的部分。
	後	1	時間詞。未來的時間。
	後	2	事物整體的後半部。
	後	2	晚於特定參考時間點或事件。
	後	2	位置詞。比喻在特定對象不在的場合。
	後	2	時間詞。過去。常與「看」連用。
	後	2	順序或次序緊鄰在參考點之後。
	後	2	位置詞。人造物約定俗成朝下或朝後最不容易觀察到的面。
	後	2	位置詞。與參考物體面對的方向相反的方向。
	後	2	在空間、位置上與「前」相對。
	後	2	位置詞。比喻特定對象在前述對象的成功中扮演未被宣揚的角色。
	後	2	位置詞。順序或次序排在整體的後半部，通常用於負面。
	後	2	晚於現在或前述事件的時段。
	後	2	在列舉的對象中，次序在後的對象。
	後	3	後述時期出現後的時期。
	後	3	遲、晚。
	後	3	次序、位置近末尾的。
	後	3	時間較晚的、未來的。
	後	3	子孫。
3	而	1	至、到。
	而	1	關聯連接詞。填充詞。出現於句構中，常置於修飾語和動詞之間或兩關聯成分之間。
	而	1	表後述事件緊接著前述事件發生。
	而	1	表藉由前述工具、方法或範圍進行後述事件。
	而	1	關聯連接詞。連接句子或動詞組，表轉折關係。
	而	1	句副詞。表言談中用來表主題的轉折。
	而	1	關聯連接詞。連接兩個相同詞類的成分，表從一個範圍過渡到另一個範圍。常用「從…而…」、「自…而…」或「由…而…」。
	而	1	關聯連接詞。連接兩關聯的相同詞組，表前後項有推理關係存在。
	而	1	以。
	而	1	關聯連接詞。連接前述原因和後述結果的詞組，用以表示因果關係。
	而	1	對等連接詞。連接兩對等形容詞詞組或動詞詞組，表後項補充前項。
3	做	1	判斷並做出陳述。
	做	1	使動物失去生命。
	做	1	對還沒有實現的事物有期望。常與「夢」連用。
	做	1	比喻因做特定事件而造成特定結果。
	做	1	代動詞。做，取代整個事件。
	做	1	把兩個描述對象認定為相同或具有相同功能。
	做	1	使用負面手段以達特定目的。
	做	1	拿定主意去行動。
	做	1	製造。
	做	1	進行性行為。常與「愛」連用。
	做	1	舉辦。
	做	1	依照特定想法或概念創作出特定對象。
	做	1	對還沒有實現的事物有不切實際的期望。常與「夢」連用。
	做	1	進行特定正式活動。
	做	1	以眼神或其他肢體動作傳遞特定訊息。
	做	1	以特定原料或材料做成成品。
	做	1	前述對象連接的是後述對象，表兩者指涉相同。
	做	1	裝出比實際狀況更強或更好的後述狀態。
	做	1	擺出後述表情或姿勢。
	做	1	前述對象的工作或身份是後述對象。
	做	1	睡眠時腦部活動產生記憶與知覺。常與「夢」連用。
	做	1	進行某事。
	做	1	標示後述記號。
3	強	1	專有名詞。姓。
	強	1	形容聲音的強度大。
	強	1	形容光線的強度大。
	強	1	使後述身體部位變強壯。
	強	1	主事者給予壓力導致他人順從。
	強	1	健壯、盛大、有力。
	強	1	固執、任性、不順從。
	強	1	形容體力或身體狀況好的。
	強	1	形容比喻思想固執不知變通的。
	強	1	橫暴。
	強	1	普通名詞。佔優勢的對象。
	強	1	迫使、使用強力。
	強	1	剛毅、堅毅。
	強	1	普通名詞。競賽中排名在前述範圍的特定對象。
	強	1	表不顧阻力，堅持做後述動作。
	強	1	形容稍微多於前述比例。常用「…分之…強」。
	強	1	形容特定特性的程度高。
3	點	1	小水珠、小滴的液體。
	點	1	引火。
	點	1	普通名詞。小滴的液體。
	點	1	使液體滴下。
	點	1	點心食品的簡稱。
	點	1	形容少許的。
	點	1	一定的地方或標準。
	點	1	指定。
	點	1	計時的單位。一個小時稱為「一點」。
	點	2	去除痣或斑等皮膚表面物質。
	點	2	引火使燃燒。
	點	2	輕觸到物體後立即離開的動作。
	點	2	普通名詞。書寫筆畫的一種，沒有線條或延伸。
	點	2	計算命題內容的事項單位。
	點	2	輕輕按。
	點	3	觸到物體立即離開。
	點	3	將少量液體滴下。
	點	3	事物的某一部分或某一方面。
	點	3	規定的時間。
	點	4	量詞。計算條文項目的單位。
	點	4	一種字形筆畫。用筆觸紙即起稱為「點」。
	點	4	逐個檢覈、查對。
	點	4	逐一查對。
	點	4	句讀的標誌。
	點	4	指示、暗示。
	點	4	小的痕跡。
	點	5	頭或手稍微向下動。
	點	5	以間接方法指示重點。
	點	5	計算字型大小的單位。一點約等於0.35毫米。
	點	5	用筆劃上。
	點	5	普通名詞。與描述活動相關的位置。
	點	5	表不確定的小數量。
	點	5	在許多人事物中指定。
	點	5	計算可累計分數的單位。
	點	5	時間的單位。按照時間刻度標示小時的單位。
	點	5	普通名詞。沒有長、寬、高，只有位置，且不可分割的圖形單位。
	點	5	輕觸到物體後立即離開。
	點	5	普通名詞。與背景產生對比的極小面積。
	點	5	普通名詞。指所陳述事件的部份或方面。
	點	5	普通名詞。指網路上固定的位址。
	點	5	普通名詞。接尾詞。事件或過程中具顯著的指標。
3	修	1	專有名詞。姓。
	修	1	彙整資料成並加上自己的論述後完成特定書籍。
	修	1	修習宗教教義並實踐。
	修	1	經過修習教義、實踐並通過特定考驗，以達到特定境界。
	修	1	長、高、遠。
	修	1	在已製成衣服的原來樣式上更改，使其合身或改變其樣式。
	修	1	改正特定對象不適合的部份。
	修	1	裝扮、裝飾。
	修	1	以特定方法修飾後述對象的外表以達到不同的視覺效果。
	修	1	修剪動物毛髮成為特定形狀。
	修	1	削、剪。
	修	1	藉由外科手術使外貌改變。
	修	1	建造後述建築物。
	修	1	學習、研究。
	修	1	涵養、鍛鍊。
	修	1	更改特定對象。
	修	1	修剪整理植物。
	修	1	使損壞的物件恢復原來的功能或形狀。
	修	1	形容細長。
	修	1	建造、興建。
	修	1	整治、修理，使恢復、合用。
	修	1	著述、撰寫。
	修	1	學生在特定學校系統正式修習特定課程以獲得學分。
	修	1	修習知識和道理，並將其實踐在生活中。
	修	1	美容保養後述部位。
	修	1	用刀斜刮除去後述物體表層。
	起	1	復甦、痊癒、好轉。
4	起	1	起床、離開床鋪。
	起	1	置於動詞之後，表示足夠或不夠的意思。
	起	1	發動、產生。
	起	1	出仕、舉用。
	起	2	普通名詞。詩文的首句、首聯或首段。
	起	2	建造房子。
	起	2	表物體凸出平面。
	起	2	形容特定線條向上高起。
	起	2	表事件進行，後接說話者的評價，用於「…起…來」。
	起	3	計算分批的人的單位。
	起	3	擬訂。
	起	3	比喻音量變大或音高變高。
	起	3	特定物體往上移動。
	起	3	取出。
	起	3	表動作的時空範圍開始的參考點。
	起	3	表示事件時間範圍的開始參考點。
	起	3	發動。
	起	3	睡醒後下床。
	起	3	成功地開創。
	起	3	計算負面事件的單位。
	起	3	比喻情緒高昂。
	起	3	比喻特定事件朝向正面發展。
	起	3	取名。
	起	3	始、開始。
	起	3	表能夠負擔。常用「…得起」、「…不起」。
	起	3	表使物體產生向上位移。
	起	3	比喻開始行動。常用「起而…」。
	起	3	身體表面產生突出物。
	起	3	建築、建立。
	起	3	時態標記。表事件開始。
	起	3	取出收藏的贓物或貨品。
	起	3	手或手持物向上移動。
	起	3	表示列舉對象的開始參考點。
	起	3	置於動詞之後，表示及、到的意思。
	起	3	表示數目的下限。
	起	3	姿態動詞。移動自己的身體到站立或坐直的位置。
4	走	1	步行。
	走	1	往、去。
	走	1	供驅使的、供使役的。
	走	1	接觸、交往。
	走	1	在陸地上行動的。
	走	1	疾行、奔跑。
	走	2	偏離原來的或應有的質感。
	走	2	經過特定流程。
	走	2	比喻交通工具移動。
	走	2	選用特定途徑。
	走	2	後述物體離開原來的地方。
	走	2	提醒語。用於提醒參與者開始動作，通常用於表演藝術。
	走	2	比喻價格或指數變動。
	走	2	從事特定工作。
	走	2	經歷後述運勢。
	走	2	離開特定地點。
	走	2	比喻露出被衣物遮住且不想被他人看到的身體部位。常與「光」連用。
	走	2	比喻生物失去生命。
	走	2	採取後述模式。
	走	2	離開。
	走	2	比喻鐘錶運轉。
	走	2	以前述方式使特定對象變得不存在或改變擁有者。
	走	2	前往特定地點實地觀看後述對象。
	走	2	以兩腿交互向前移動，雙腳不同時離開地面。
	走	3	移動、挪動。
	走	3	失去原來的形態。
	走	3	供行走的。
	走	3	洩漏。
	走	3	逃跑。
	走	4	進行棋賽中的一步動作。
	走	4	比喻透露不該讓他人知道的事。
	走	4	比喻親近後述對象。
4	條	1	計算以條列式呈現出的內容的單位。
	條	1	計算法規結構分類的單位，在「節」之下、「項」之上。
	條	1	計算短篇文章的單位。
	條	1	普通名詞。顯示在特定平面上的線條或細長的紋路痕跡。
	條	1	計算包裝成條狀並以整體販賣的物品的單位。
	條	1	普通名詞。以條列式呈現出的內容。
	條	1	計算盒裝香菸包裝成條狀販賣的單位。
	條	1	普通名詞。線狀物體或以線串成的物體。
	條	1	普通名詞。法規結構分類的一種，在「節」之下、「項」之上。
	條	1	普通名詞。形狀細而長的物體。常用接尾詞。
	條	1	計算以布為主要材質的衣物的單位。
	條	1	普通名詞。特定行進路徑。
	條	1	計算流體的單位。
	條	1	計算動物的單位。
	條	1	計算形狀細而長的物體的單位。
	條	1	普通名詞。以布為主要材質的衣物。
	條	1	計算線狀物體的單位。
	條	1	普通名詞。以布為主要材質的衣物的單位。
	條	1	計算身體部位的單位，用於四肢和尾巴。
	條	1	普通名詞。線狀物體或以線串成的物體的單位。
	條	1	普通名詞。細長的紋路或痕跡。
	條	1	計算行進的路線的單位。
	條	1	計算男子的單位。常與「漢」連用。
	條	2	計算人的心思意念的單位，常與「心」連用。
	條	2	細長的樹枝。
	條	2	暢通無阻。
	條	2	長條形的物體。
	條	2	次序、系統。
	條	3	計算地面上長條型的建築物或自然景觀的單位。
	條	3	普通名詞。麻將中的牌面，為序數牌之一。
	條	3	計算顯示在特定平面上的線條或細長的紋路痕跡的單位。
	條	3	計算動物性命的單位。
	條	3	計算歌曲的單位。
	條	3	普通名詞。形狀細而長的物體的單位。
	條	3	計算船隻的單位。
	條	3	計算線索的單位。
	條	3	計算同一緯度或經度的點連結起來的假想線的單位。
	條	3	項目、條目。
4	乾	1	枯竭。
	乾	1	變乾燥。
	乾	1	陽剛的、男性的。
	乾	1	沒有剩餘。
	乾	1	專有名詞。清高宗的年號。「乾隆」的縮寫。
	乾	1	形容物體表面沒有水份附著。
	乾	1	專有名詞。清高宗，愛新覺羅弘歷，為清朝第四位皇帝。「乾隆」的縮寫。
	乾	1	經脫水加工製成的乾燥食品。
	乾	1	形容比喻因過度使用金錢而沒有剩餘的。
	乾	1	徒然、白白的。
	乾	1	表面的、形式的。
	乾	1	竭盡、乾涸。
	乾	2	專有名詞。姓。
	乾	2	結拜認來的親屬關係。
	乾	2	形容濕度比正常狀態下低。
	乾	2	以乾杯的方式將後述份量的酒喝完。
	乾	2	普通名詞。接尾詞。加工製成的沒有水份的或含水份少的食品。
	乾	2	形容經雙方認可而沒有法律效力的親屬關係。
	乾	2	沒有水分或缺乏水分的。與「溼」相對。
	乾	2	表不使用任何水份的。
	乾	2	普通名詞。水墨畫筆勢的一種，含墨量少。
	乾	2	表比喻只做後述事件而沒有其他的行動。
	乾	2	將杯中剩餘的酒一次喝完。
	乾	2	形容物體變乾。
4	也	1	同樣。
	也	1	表示委婉、讓步。
	也	1	置於句中，以調整音節語氣。
	也	1	表示判斷或解釋的語氣。
	也	1	句中的停頓，用來引起下文。
	也	1	強調兩事並列。
	也	1	表示疑問或反問的語氣。
	也	1	表讓步的語氣。
	也	1	表停頓的語氣，用在所列舉的事項之後。
	也	1	表與預期的情況相反。
	也	1	表在特定情況下，沒有一定的作法。常用「也…也…」。
	也	1	表所描述的對象屬於同一類。
	也	1	表委婉的語氣。
	也	2	關聯連接詞。連接兩個有關連性的事件。
	也	2	表示疑問的語氣。
	也	2	表示判斷或肯定的語氣。
	也	2	表示強調。
	也	2	表轉折。
	也	2	表預期會改變的情況維持不變，通常用於轉折語氣。
	也	2	對等連接詞。連接語意相似的詞組或子句，表選擇關係或並列關係。
3	關	1	專有名詞。姓。
	關	1	拘禁。
	關	1	領取。
	關	1	普通名詞。有管制的關口。通常是海關。
	關	1	普通名詞。脈診的部位之一，位於手腕正對橈骨莖突出部位。
	關	1	普通名詞。具有指標性意義，不容易超越的特定加權指數。
	關	1	普通名詞。比喻人成長過程中所遭遇到的考驗。常用接尾詞。
	關	1	計算在淘汰賽中一次比賽，獲勝者可以進入下一輪的單位。
	關	1	利用開關裝置將前述對象可調整的運作設定降低。
	關	1	牽涉、連繫。
	關	1	國境或邊險要塞的出入口。
	關	1	計算檢驗標準的單位。
	關	1	普通名詞。在險要通道或兩國交界處所設立的守衛處。常用接尾詞。
	關	1	控制機器開啟或停止的機件。
	關	1	掩閉、閉合。與「開」相對。
	關	1	將特定對象的開口或通道閉合。通常用於門窗。
	關	1	商店或機構停止運作。
	關	1	將後述對象隔離在特定空間內使其無法離開。
	關	1	特定對象牽扯到後述對象。
	關	1	計算人成長過程中所遭遇到的考驗的單位。
	關	1	地方詞。島名，位於太平洋西部，馬里亞納群島中的最大島，屬美國領土。「關島」的簡省。
	關	1	普通名詞。比喻在淘汰賽中的一次比賽，獲勝者可以進入下一輪。
	關	1	息，使作用或功能停止。
	關	1	利用開關裝置使機器或輸送管道停止運作。
	關	1	普通名詞。比喻檢驗的標準。
3	帶	1	負責嬰幼兒或兒童主要的照顧和教養工作。
	帶	1	購買並將貨品帶回。
	帶	1	比喻過度稱讚特定對象以提高其地位。常與「高帽」連用。
	帶	1	以法律或其他強制力量將後述對象押到後述地點。
	帶	1	在主要物品中，另外搭配後述次要物品或配件。
	帶	1	接回後述對象。
	帶	1	前述對象本身有後述成分存在。
	帶	1	普通名詞。接尾詞。雲、雨、水氣及冷、熱空氣等聚集的區域，會造成特定天氣變化。
	帶	1	將物品放在能發揮物品功能的人的身體特定部位。
	帶	1	附帶、連帶、順便做。
	帶	1	使特定對象跟著有支配權的人移動。
	帶	1	普通名詞。接尾詞。窄而細的運輸軌道。
	帶	1	比喻領導事件進行或發展的方向。
	帶	1	走在前面，引導前進方向。
	帶	1	前述物體移動時的力量影響後述物體使其跟著前述物體移動。
	帶	1	普通名詞。影音作品的內容錄製成的產品的單位。
	帶	1	表同時進行兩個動作。常用「連…帶…」。
	帶	1	普通名詞。以經濟活動所定義的地理區域。常用接尾詞。
	帶	1	有支配權的人使所支配的特定對象跟著自己移動。
	帶	1	上級帶領下級做後述事件。
	帶	1	普通名詞。接尾詞。窄而細的長條物，通常用於綑綁。
	帶	1	將物品繫掛在身上。
	帶	1	含著、呈現。
	帶	1	負責主持或推動事件的進行。
	帶	2	地區、區域。
	帶	2	比喻承受特定罪名。
	帶	2	一種婦科症狀。
	帶	2	泛指長條狀的物體。
	帶	2	率領、引導。
	帶	2	隨身攜著、拿著。
	帶	2	地球表面依緯度劃分的氣候區。
	帶	3	專有名詞。姓。
	帶	3	普通名詞。具有特定性質的地理區域。常用接尾詞。
	帶	3	發揮個人領袖特質帶領後述對象，通常用於正面。
	帶	3	對等連接詞。將後述對象包括在特定範圍。常用「連…帶…」。
	帶	3	普通名詞。以不同顏色代表能力的等級的帶子，通常用於跆拳道、空手道、柔道等競技運動。常用接尾詞。
	帶	3	比喻將人帶領到特定狀態。
	帶	3	比喻特定男子的配偶與他人交往。常與「綠帽」連用。
	帶	3	經過時順便把門或窗戶關上。
	帶	3	普通名詞。特定地點及與其相連的地區。
	帶	3	比喻具有後述意義或情感。
	帶	3	計算影音作品的內容錄製成的產品的單位。
	帶	3	前述對象有後述疾病病原或抗體。
	帶	3	普通名詞。具有相同特質的同類對象聚集的帶狀區域。
	帶	3	計算看似帶狀景物的單位。
4	重	1	形容力量強度大。
	重	1	要緊的。
	重	1	再、另。
	重	1	偏好。
	重	1	濃、厚。
	重	1	尊敬。
	重	1	劇烈的。
	重	2	量詞。計算相疊、累積物的單位。
	重	2	物體或人體的分量。
	重	2	價值高的。
	重	2	嚴峻的。
	重	3	表後述事件為重複以前發生過的事件。
	重	3	看重並強調後述對象。
	重	3	計算相疊或累積物的單位。
	重	4	形容比預期比例高。
	重	4	物體的分量大。與「輕」相對。
	重	4	形容特定對象的程度高。
	重	4	形容密度比較大。
	重	4	形容在相關對象中意義重大的。
	重	4	普通名詞。重要的事。
	重	4	形容前述物體的重量。
	重	4	形容重量大。
	重	4	形容前述狀態的程度高，通常是負面。
	重	4	形容造成或影響的後果嚴重的。
	重	4	形容同類物體相疊。
	重	4	形容量大到超出一般人所能承受的程度。
	重	4	形容金額或價值高。
	重	4	形容中國傳統命相中表命運較好的。
	格	1	專有名詞。姓。
4	格	1	架子的分層。
	格	1	普通名詞。特定語言中的一種語法範疇，藉由形態的變化來表示名詞、代詞或形容詞在語言結構中和其他詞彙間的語法關係。常用接尾詞。
	格	1	量詞。計算容器刻度的單位。
	格	1	普通名詞。比喻人的品格與德行。
	格	1	普通名詞。接尾詞。修辭的方法。
	格	1	計算以可以被填充的格子代表計量電器電力或訊號的單位。
	格	1	計算以指針所指的儀表上的刻度作為測量對象的單位。
	格	1	地方詞。國名，位於加勒比海東邊、大西洋西邊，為小安地列斯群島之一，首都為聖喬治。「格瑞那達」的簡省。
	格	1	計算階梯數目的單位。
	格	1	阻止特定對象的前進。
	格	1	普通名詞。兩對近似平行線相交所圍成的空間。常用接尾詞。
	格	1	地方詞。國名，位於中亞高加索地區，首都為第比利斯，西元1991年4月9日脫離前蘇聯正式獨立。「格魯吉亞」的簡省。
	格	1	普通名詞。接尾詞。用來放置物品的結構體內部空間所區隔出的較小的空間。
	格	1	推究事物的根源或道理。
	格	1	修辭的方法稱為「格」。
	格	1	計算容器上的刻度作為測量容積的單位。
	格	1	普通名詞。兩組互相垂直的平行線所形成的圖案。常用接尾詞。
	格	1	計算特定地點有區隔的較小的空間的單位。
	格	1	計算用來放置物品的結構體內部空間所區隔出的較小的空間的單位。
	格	1	計算由兩對平行線相交所圍成的方形空間的單位。
	格	1	普通名詞。比喻進行特定事件所應具備的條件或標準。
	格	1	專有名詞。治理格魯吉亞的政府。「格魯吉亞」的縮寫。
	格	1	普通名詞。比喻一個影像畫面。
	格	1	專有名詞。治理格瑞那達的政府。「格瑞那達」的縮寫。
4	以	1	認為。
	以	1	引介判斷的標準或條件。
	以	1	引介事件的方式。
	以	1	目的在於。
	以	1	加在前、後、左、右、上、下、往、來、東、西、南、北等字之前，表時空和方位的界限。
	以	1	引介評論的觀點，常用「以...來...」。
	以	1	用。
	以	1	以色列的簡稱。
	以	1	關聯連接詞。連接前述事件的目的。
	以	1	引介比較後較突出的對象。
	以	1	引介事物所花費的費用。
	以	1	置動詞後，無義。
	以	1	地方詞。國名，中東地區的國家，位於黎巴嫩、敘利亞、約旦之間。「以色列」的縮寫。
	以	1	引介事件所憑藉的方法或工具。
	以	1	引介達成事件的條件。
	以	1	引介處置的對象。
	以	1	引介原因。
	以	1	引介事件所經過的時間。
4	熱	1	形容比喻節奏快且強的。
	熱	1	形容可以感應熱能的。
	熱	1	表動作劇烈。
	熱	1	普通名詞。超過正常的較高體溫。
	熱	1	形容比喻很多人使用或喜歡的。
	熱	1	形容比喻交易熱絡的。
	熱	1	做特定動作使體溫升高、筋骨舒展。常與「身」連用。
	熱	2	高溫度。與「冷」相對。
	熱	2	溫度高的。
	熱	2	某一種受人喜愛的潮流。
	熱	2	強烈的、非常的。
	熱	2	加熱、使溫度升高。
	熱	2	受人喜愛的。
	熱	2	親切、情意濃厚。
	熱	3	專有名詞。姓。
	熱	3	比喻將機器啟動，使其逐漸達到正常的運轉狀態。
	熱	3	形容比喻全心投入的。
	熱	3	形容食材或藥材會使身體陽氣亢盛的。
	熱	3	比喻在進行特定事件之前，先做同類事件當作練習。常與「身」連用。
	熱	3	表在機器運轉的情況下進行的。
	熱	3	使物體吸收熱量而增加溫度。
	熱	3	表在高溫的條件下進行的。
	熱	3	比喻使氣氛熱烈起來。
	熱	3	形容溫度升高或感覺溫度升高的。
	熱	3	普通名詞。一種能量形式，能使溫度升高。
	熱	3	專有名詞。「熱河省」的簡稱。
	熱	3	普通名詞。冷熱的程度。
	熱	3	形容比喻熱情的。
	熱	3	普通名詞。接尾詞。比喻特定時期內流行的社會現象。
3	長	1	專有名詞。姓。
	長	1	前述對象造成了有利於後述對象生長或活動的環境，只用於說話者不願意後述事件發生的語境下。
	長	1	形容年紀大的。
	長	1	空間、距離大。與「短」相對。
	長	1	形容母音持續的時間間隔大。
	長	1	新的植物個體產生並生長。
	長	1	比後述對象大的輩份是後述輩份。
	長	1	增進、增加。
	長	1	多餘的。
	長	1	文本從開始到結束的篇幅是後述對象。
	長	1	物體表面出現會影響其外觀或價值的特定對象，通常是斑點或鐵鏽。
	長	1	排行第一。
	長	1	形容事件持續的時間間隔大。
	長	1	普通名詞。時間的長度。
	長	1	外貌看起來。
	長	1	普通名詞。特定組織中的領導人。常用接尾詞。
	長	1	生物體生出後述有機組織。
	長	1	普通名詞。專精的技術或領域。
	長	1	生物體由小到大發育。
	長	1	形容同一物體兩端點之間的長度大。
	長	1	形容買賣時間差距大。
	長	1	表後述事件一直持續。
	長	1	比喻事件發展狀態變好。常用「…消…長」。
	長	1	增加後述特性。
	長	1	優點、長處。
	長	1	形容評論前述對象的是非。常用「…長…短」。
	長	1	主管、領導人。
	長	1	年紀大、輩分高的人。
	長	1	專精、擅於。
	長	1	前述時間增加的時間等同後述時間。
	長	1	專精的技能。
	長	1	形容文本從開始到結束的字數多或篇幅大。
	長	1	普通名詞。物體的長度。
	長	1	兩端點之間的距離。
	長	1	生、顯。
	長	1	年齡稍大。
	長	1	形容兩端點之間的路徑距離大。
	長	1	前述長度增加的長度等同後述長度。
	長	1	形容一直在討論後述對象。常用「…長…短」。
	長	1	專精於後述技術或領域。
4	與	1	引介關聯的對象。
	與	1	和、同、跟。
	與	1	引介共同做事的對象。
	與	1	參加。
	與	1	對等連接詞。連接並列的詞組，表做連接的事件同時成立。
	與	1	向、對。
	與	1	引介事件的目標或接受者。
	與	1	引介比較的對象。
	與	1	給予。
	與	1	推舉、選拔。
4	將	1	置於動詞後，常和「進來」、「起來」、「進去」等補語連用。
	將	1	休息、休養。
	將	1	會、可能。
	將	1	以、用。
	將	1	又、且。
	將	1	普通名詞。比喻在團體中扮演領導角色的人。
	將	1	高級軍階。
	將	1	高級軍官。
	將	1	下象棋時，攻擊對方的將棋或帥棋。
	將	1	拿、持。
	將	1	比喻把對方逼到絕路。
	將	1	率領。
	將	1	團體中的成員。
	將	1	普通名詞。比喻能力比較好的人。
	將	1	表預期後述事件會在很短的時間內發生。
	將	1	把。
	將	1	普通名詞。象棋遊戲中所使用的棋子之一，以捕獲「將」來決定勝負。
	將	1	進行、做。
	將	1	表對前述事件所做的評估猜測。
	將	1	引介處置的對象。
	將	1	下象棋時，捕捉對方的將棋或帥棋前的提醒語。
	將	1	剛、才。
	將	1	用言語刺激。
3	就	1	趨近、靠近。
	就	1	因襲。
	就	2	早已。
	就	2	只、僅。
	就	2	引介判斷的標準或條件。
	就	2	表強調說話者已知事實。
	就	2	表達到目標的過程或條件比預期容易。
	就	2	表後述事件在很短的時間內完成。
	就	2	偏、偏偏。
	就	2	按照他人的意願做，通常有抑制自己意願的涵義。
	就	2	表前述事件為後述事件的充分條件，表示在該條件或情況下自然發展。
	就	2	引介評論的觀點或角度。
	就	2	引介事件遵循的基礎。
	就	2	用於轉折，表與聽話者有共識。
	就	2	表承接、選擇、讓步等關係之詞。
	就	2	表無所謂的讓步，常用「…就…」。
	就	2	引介遵循的原則。
	就	2	表示肯定。
	就	2	即刻、馬上。表示事情或動作很快就要發生。
	就	2	在對比下選擇後述事物，常用「捨...就...」。
	就	2	依照。
	就	2	表前述對象的堅持，通常與預期條件相反。
	就	2	抵達後述地點。
	就	3	表確定範圍。
	就	3	依順、依從。
	就	3	表後述事件緊接著前述事件發生。
	就	3	從事。
	就	3	成功、完成。
	就	3	表後述命題和前文相對，具有轉折的語氣。
	就	3	縱使、即使。
	就	3	表前述情況已滿足主觀的最低條件。
	就	3	表加強說話者對陳述內容的肯定。
	就	4	表對事件的主觀評價不高。
	就	4	靠近目標。
	就	4	利用。
	就	4	引介事件所涉及的對象或範圍。
4	去	1	表動作的方向是遠離主事者的方向。
	去	1	距離。
	去	1	失掉。
	去	1	比喻生物失去生命。
	去	1	離開。
	去	1	向特定地點移動。
	去	2	表藉由前述工具、方法或範圍進行後述事件。
	去	2	隨動作到達前述地點。
	去	2	普通名詞。漢語方言中，由高下降的聲調。「去聲」的簡省。
	去	3	普通名詞。專指現代漢語標準語裡的第四聲。「去聲」的簡省。
	去	3	表前述對象進行後述事件。
	去	3	過去的。
	去	4	表前述事件的負面狀態的改變已經達成。
	去	4	比喻特定感覺消失。
	去	4	表位置或方向一直變換。常用「…來…去」。
	去	4	除掉。
	去	4	送、發出。
	去	4	以斥責的語氣叫他人離開。
	去	4	比喻消除後述對象使其不存在。
	去	4	往、到。與「來」相對。
	去	4	表反覆。常用「…來…去」。
	去	4	穿越特定障礙或界線。
	去	4	向離開參考點的方向移動。
	去	4	比喻通過人成長過程中所遭遇到的考驗。
	去	4	比喻前述時段經過，成為特定時間點以前的時段。
	去	4	以前述方式使特定對象變得不存在或改變擁有者。
	去	4	離開家鄉。
	去	4	表示事情的進行。相當於「啊」、「了」。
	去	4	移除後述為原有整體的一部份的對象。
3	行	1	量詞。計算成排東西的單位。
	行	1	走、走路。
	行	2	以肢體的動作表示敬意。
	行	2	計算職業的單位。
	行	2	形容表示同意或允許。
	行	2	普通名詞。品行。
	行	2	普通名詞。文字書寫或排版時的單位，在同一方向書寫或排版到轉變方向前為止為一行。
	行	2	普通名詞。接尾詞。一種樂府和古詩的體裁。
	行	2	計算與行進方向或垂直方向相同的一直線的單位。
	行	2	普通名詞。人類社會的重要活動之ㄧ，與交通相關的一切活動。
	行	2	普通名詞。具體表現出的外在舉止動作。
	行	2	普通名詞。與行進方向或垂直方向相同的一直線。
	行	2	普通名詞。接尾詞。專門從事前述行業的商店。
	行	2	能幹、幹練。
	行	2	可以。
	行	2	以兩腿交互向前移動，雙腳不同時離開地面。
	行	3	職業。
	行	3	一種樂府和古詩的體裁。
	行	3	普通名詞。一種書法字體，介於楷書與草書之間，特色為筆法流暢活潑。
	行	3	做、從事。
	行	3	行書的簡稱。
	行	3	兄弟姐妹長幼的次序。
	行	3	移動、流動。
	行	3	營業交易的機構。
	行	3	不久、將要。
	行	3	行為舉止。
	行	3	流通。
	行	4	專有名詞。姓。
	行	4	代動詞。做，取代整個事件。
	行	4	進行特定的儀式。
	行	4	計算一起行動的人群的單位。
	行	4	依照特定方法實際施行特定事件。
	行	4	計算文字書寫或排版時的單位，在同一方向書寫或排版到轉變方向前為止為一行。
	行	4	形容具有令人佩服的性質的。
	行	4	同輩親屬依照年紀排列的次序為。
	行	4	普通名詞。在社會中所擔任的職務，通常為其身份認定的依據。
	行	4	普通名詞。前往特定地點參觀或訪問的活動。
	行	4	形容具備完成特定事件能力的。
4	經	1	承受、忍受。
	經	1	從事、謀劃。
	經	2	普通名詞。人體氣血運行通路的主幹。
	經	2	時間過去。
	經	2	承受得住、承擔。
	經	2	親身體驗。
	經	2	普通名詞。冗長的陳述。
	經	2	引介通過的地點。
	經	2	普通名詞。女子月經來潮的事件。「月經」的簡省。
	經	2	通過特定處所。
	經	2	普通名詞。中國古代圖書目錄四部分類之一，指儒家典籍及小學典籍。
	經	2	普通名詞。社會上物質的生產、流通、消費和分配的活動。「經濟」的簡省。
	經	2	普通名詞。宗教典籍。
	經	2	引介事件進行的過程或方法。
	經	3	治理、管理。
	經	3	連接地球南、北兩極的假想直線。
	經	3	女性月經的簡稱。
	經	3	平常、尋常。
	經	3	闡揚宗教教義的典籍。
	經	3	歷、過。
	經	3	專講某種事物或技藝的文章、著作。
	經	3	人體的脈絡。
	經	3	常道。
	經	3	恆常、時常。
	經	3	有特殊價值，被尊為典範的著作。
4	法	1	法國的簡稱。舊音ㄈㄚˋ
	法	1	方術、技巧。
	法	1	普通名詞。電容的單位。「法拉」的簡省。
	法	1	普通名詞。做事的步驟及技巧。常用接尾詞。
	法	1	專有名詞。治理法國的政府。「法國」的簡省。
	法	1	可為法則的。
	法	1	途徑。
	法	1	普通名詞。法國的文化。
	法	1	仿效。
	法	1	普通名詞。大學中教授法律知識的教學研究單位。法律系所的簡省。
	法	1	地方詞。國名，位於歐洲西部，西臨英吉利海峽。「法國」的簡省。
	法	1	律令。
	法	2	普通名詞。佛教的教義。
	法	2	普通名詞。由立法機關制定，有強制效力的行為規範。常用接尾詞。
	法	2	普通名詞。法國人的語文。「法文」的簡省。
	法	2	專有名詞。中國古代的思想流派之一，重視法治。「法家」的縮寫。
	法	2	學習後述對象的優點並照著做。
	法	2	普通名詞。研究由立法機關制定，有強制效力的行為規範的知識。
	法	2	普通名詞。學習道術或巫術的人的超自然能力。
	法	3	範式、原則。
	法	3	屬於佛家的。
	法	3	佛、道等的道理。
3	包	1	比喻與具所有權者達成約定以全權使用特定對象。
	包	1	裝東西的袋子。
	包	1	比喻購買且打包帶走，常用於購買食物。
	包	1	負責。
	包	1	一種麵粉做成的食物。
	包	1	在婚喪喜慶的場合送禮。
	包	1	氈製的圓頂帳篷。
	包	1	承攬。
	包	2	費用或責任的範圍包含後述對象。
	包	2	折疊紙、布或其他薄片狀物以覆蓋物體所有的面。
	包	3	專有名詞。姓。
	包	3	普通名詞。接尾詞。比喻具有前述行為特質的人。
	包	3	保證、擔保。
	包	3	物體或身體上鼓起的疙瘩。
	包	3	約定專用。
	包	3	將食物包起來帶走。
	包	3	比喻接下工作，通常隱含承擔責任。
	包	3	普通名詞。外皮裡包著內餡的食品。常用接尾詞。
	包	3	將特定對象隔離在限定範圍內。
	包	3	普通名詞。成包物品的單位。
	包	3	計算成包物品的單位。
	包	3	量詞。計算成包的物品的單位。
	包	3	普通名詞。接尾詞。像包子一樣中間有填充物的物體。
	包	3	普通名詞。接尾詞。比喻經過整合的套裝軟體。
	包	3	圍住。
	包	3	有單一開口，用於攜帶隨身物品的服飾配件，通常以具伸縮性的材質製成。常用接尾詞。
	包	3	普通名詞。在動物皮膚表層上，外形接近半球狀的突起。
	包	3	承諾後述事件並宣告主事者的責任。
	包	3	普通名詞。成包的物品。
	包	3	以外皮包住內餡，製成後述食物。
	包	3	比喻提供後述對象生活所需，以換取固定的性關係。
	包	3	普通名詞。將頭髮纏繞成圓形的髮型。
4	為	1	為了，表示行動的目的。
	為	1	代動詞。做，取代整個事件。
	為	1	引介事件受益者。
	為	1	以後述事件當行動的目的。
	為	1	認知者對前述事物的判斷是後述對象
	為	1	引介事件施事者，用於被動式。常用「為…所」。
	為	1	引介事件原因。
	為	1	前述對象連接的是後述對象，表兩者指涉相同。
	為	1	經過特定過程形成後述結果。
	為	2	變成。
	為	2	表示程度或範圍的廣大，無義。
	為	2	因，表示原因。
	為	2	行、作。
3	老	1	形容後述顏色很深。
	老	1	表超過平常的程度。
	老	1	形容經驗豐富。
	老	1	形容食物烹煮過度造成口感不好。
	老	1	形容食材因生長過久或其他理由而口感不好。
	老	1	形容後述事物為參與者所熟悉的。
	老	1	原來的。
	老	1	表很久，限用於否定句。
	老	1	加在稱謂前，表示親切。
	老	1	表一直都是。
	老	2	加在動物名稱上。
	老	2	熟練、經驗豐富。
	老	2	年久的。
	老	2	對長輩的尊稱。
	老	2	年紀大。
	老	2	總是、常常。
	老	2	很、極。
	老	2	陳舊、過時。
	老	2	加在稱呼、姓氏上，表示尊敬或親暱。
	老	2	加在兄弟姊妹排行的次序上。
	老	2	老子及其哲學的簡稱。
	老	3	專有名詞。姓。
	老	3	以尊敬長者的方式對待。
	老	3	形容想法觀念跟不上時代。
	老	3	普通名詞。對有名望地位長者的尊稱。
	老	3	形容事物已經存在很久了。
	老	3	普通名詞。在特定領域中，進入領域資歷比較深的人。
2	打	1	破開、摔開。
	打	1	立、定出、計算。
	打	1	消除、除去。
	打	1	發出、放出。
	打	1	印上、畫上。
	打	1	武術、武功。
	打	1	注入、刺入。
	打	1	攻擊、戰鬥。
	打	2	將財物賜給有比自己地位低的人。常與「賞」連用。
	打	2	進行球類運動。
	打	2	從事臨時性非專職工作。常與「工」連用。
	打	2	比喻男子手淫。常與「手槍」連用。
	打	2	以毫無根據或漫無主題的方式溝通。
	打	2	準量詞。計算物品的單位，一打等於十二個。為英語dozen的音譯。
	打	2	強行前述對象住到後述地點，使其失去行動自由。
	打	2	標示後述記號。
	打	2	使身體部位呈現後述姿勢。
	打	2	斷斷續續地閉目小睡。
	打	2	比喻將有照明或信號器具維持在開啟的狀態。常與「燈」連用。
	打	2	以一手握拳，另一手包覆在其上的方式行禮。常與「躬」、「恭」連用。
	打	2	均勻塗抹特定物質在特定對象上。
	打	2	計算節拍以控制音樂進行的速度。常與「拍」、「拍子」連用。
	打	2	比喻表現出後述表情或態度。
	打	2	到野外去尋找柴火或飼料。
	打	2	製造開啟鎖的器具。常與「鑰匙」連用。
	打	2	進行後述賽局，通常從過程中得到樂趣。
	打	2	兩同類對象為了爭奪更同的目標而以特定方式競爭。常與「戰」連用。
	打	2	拿比較熟悉的事物來描述、解釋另一事件。
	打	2	傳達並推銷特定事物。
	打	2	引介比喻情感的來源。常與「心」連用。
	打	2	引介事件發生的路徑起點。
	打	2	以言語或做肢體動作的方式問候他人。常與「招呼」連用。
	打	2	比喻進行性行為。常與「炮」連用。
	打	2	插入新話題以使原來的話題中斷。常與「岔」連用。
	打	2	征戰並佔有。
	打	2	使用算盤或計算機進行計算。常與「算盤」、「計算機」連用。
	打	2	想辦法。
	打	2	古代巡夜人在夜間固定時段敲擊特定物體報時。常與「更」連用。
	打	2	因鞋子與腳形不合或材質粗糙而摩擦到腳。
	打	2	以鍵盤輸入文字。
	打	2	增強後述精神特質。常與「精神」連用。
	打	2	身體因受冷或受驚而發抖。
	打	2	比喻前述對象受到冷落，而不能發揮應有的作用。常與「冷宮」連用。
	打	2	比喻前述對象的價值因低於預期值而大幅度地降低。常與「折扣」連用。
	打	2	做、訂製。
	打	2	以彈棉花的方式製造出棉被。常與「棉被」連用。
	打	2	使特定對象燃燒。常與「火」連用。
	打	2	表人體所產生的動作，意義常因動作而異。
	打	2	以鎚打的方式將金屬類的材料做成成品。
	打	2	從特定物體的後端施力，使其進入特定對象。
	打	3	自、從。
	打	3	鑿開、揭開。
	打	3	擊、敲擊。
	打	4	專有名詞。姓。
	打	4	以手施力使手或手持物撞擊特定對象。
	打	4	為特定目的而將物質注入特定對象內。
	打	4	設計成品生產前的樣品。
	打	4	做出後述手部動作，發出後述非口語的訊號。
	打	4	鋪設建築物的地基。
	打	4	為進行特定事件，而使特定對象表面附著特定物質。
	打	4	依照一定的百分比降低原來的定價。常與「折扣」連用。
	打	4	海浪受力量影響而撞擊到後述對象。
	打	4	取、收。
	打	4	施加壓力使氣體或液體進入特定對象中。
	打	4	在影像傳輸時，任意重組局部區域的訊號，以避免呈現敏感的影像。常與「馬賽克」連用。
	打	4	條狀物糾結在一起。
	打	4	使用、採用。
	打	4	比喻建立基礎。常與「基礎」、「基石」連用。
	打	4	以打板的動作發出響聲來表示開始拍攝。
	打	4	向特定目標發射專為發射用的物體。
	打	4	比喻在商業上針對特定對象或管道經營。
	打	4	發聲時，使舌頭快速振動。
	打	4	經歷後述戰爭。常與「戰」、「仗」連用。
	打	4	手或腳拍打水面，以激起水花或得到反作用力。
	打	4	故意裝糊塗或敷衍他人。常與「馬虎」連用。
	打	4	發展特定人際關係。
	打	4	與前述對象短暫碰面、問候。常與「照面」連用。
	打	4	轉動、撥動。
	打	4	將條狀物互相纏繞成結，通常有固定或裝飾作用。
	打	4	易碎物品因受到撞擊使破碎。
	打	4	比喻從事特定活動。
	打	4	比喻煩擾不休，牽扯不清。
	打	4	量詞。計算物品的單位。為英文
	打	4	以自己的小指頭和他人相扣，通常用於約定。常與「勾勾」連用。
	打	4	經由有線或無線，以編碼的方式傳送文字訊息。常與「電報」連用。
	打	4	物體落下撞擊。
	打	4	搭乘有座位的交通工具。
	打	4	比喻以後述對象為攻擊對象，以降低權力、地位。
	打	4	購買交通工具的票券。
	打	4	比喻建立。常與「名聲」、「成果」連用。
	打	4	管狀物纏繞成結而使通道不通暢。
	打	4	坐著修練，通常盤腿，身體端正而放鬆，注意呼吸及意念，佛教、印度教等宗教或氣功當中的一種修練方式。
	打	4	透過雙手的動作，以手語傳送訊息。
	打	4	在牌局中出牌。
	打	4	員工到達或離開工作崗位時，以機器記錄時間。常與「卡」連用。
	打	4	維持傘打開的狀態，用以阻擋陽光或雨水。常與「傘」連用。
	打	4	利用特定軟體，以輸入文字或符號的方式來傳送或交換訊息。
	打	4	比喻想法或情緒無法正常表達或連貫。
	打	4	利用電話裝置與人通話。
	打	4	高舉並展示後述旗幟。常與「旗」連用。
	打	4	身體部位或手持物交錯在一起。
	打	4	產業的轉讓或承受。
	打	4	進行特定遊戲，以贏得後述獎品。
	打	4	操控交通工具行進方向的器據以控制行進方向。
	打	4	投擲小而扁平的物體，使其在水面上跳躍滑行。
	打	4	將蛋殼敲開，取得內容物。常與「蛋」連用。
	打	4	與人交往、寒暄。
	打	4	比喻以自己或局部的利益為前提進行計畫。常與「算盤」連用。
	打	4	身體躺在地上翻滾。
	打	4	以露出後述身體部位的方式出現。常與「赤」、「赤膊」連用。
	打	4	擔任、從事。
	打	4	熄滅在特定對象上燃燒的火。常與「火」連用。
	打	4	用工具或手從物體的表面向裡面施力，取出其中的一部份，使其形成凹洞或通道。常與「洞」、「井」連用。
	打	4	交錯編排細長的條狀物，以製成片狀物。
	打	4	將液體物質澆在特定物體上，使其凝固成為該物體的形狀。
	打	4	比喻用類似手臂的人造物尾端裝置快擊物體表面，演奏打擊樂器。
	打	4	處理與他人發生訴訟的事件。常與「官司」連用。
	打	4	利用謎題提供的訊息來推測預先設定的答案。
	打	4	比喻加入後述以進行球類比賽為目的的組織。
	打	4	於固定時間敲擊特定物體，並發出響聲，通常用於報時或提醒。常與「鐘」連用。
	打	4	長途旅行中，稍做休息並進食。常與「尖」連用。
	打	4	以暴力、威脅的手段取得後述原來不屬於自己的財物。常與「劫」連用。
	打	4	光照射特定對象。
	打	4	享用豐盛食物。常與「牙祭」連用。
	打	4	從身體內除去後述對象。
	打	4	用手提舉後述照明器具照明。
	打	4	比喻以後述理由為藉口，進行特定事件。
	打	4	設置陷阱或以工具捕捉野生的動物。
	打	4	輕觸到物體後立即離開。常與「穴」連用。
	打	4	塗抹。
	打	4	向上級呈述事件的理由或經過。常與「小報告」連用。
	打	4	操控交通工具的變速器，使其變成後述檔位。常與「檔」連用。
	打	4	舉、持。
	打	4	擺設桌椅。常與「桌」連用。
	打	4	以特定方式傳達後述口語訊息。
	打	4	收拾、整理包裹或行李。
	打	4	購買。
	打	4	不自主由口鼻排出氣體，通常帶有聲音。
	打	4	比喻依照已定的標準，評量並給予成績。
	打	4	用嘴輕觸對方以示親密。常與「啵」連用。
	打	4	以重複攪拌的動作，將特定的材料混合均勻成液體或泥狀。
	打	4	以針狀物穿過身體部位。
3	推	1	擴充、擴展。
	推	1	根據已知尋究其他。
	推	2	比喻將預定的時間往後移。
	推	2	以推動的方式使特定液狀物質均勻地分佈在特定物體的表面上。
	推	2	演奏弦樂器時手指按住弦向掌心施力，使音產生由高到低的律動，通常用於吉他。
	推	2	認為後述對象最符合前述描述。
	推	2	比喻眾人同意讓後述對象擔任特定職務。
	推	2	比喻公布並推銷後述對象。
	推	2	比喻逃避責任或義務。
	推	2	比喻拒絕接受後述對象。
	推	2	比喻使事件發展到後述狀態。
	推	3	選擇、荐舉。
	推	3	尊崇、讚許。
	推	3	用力往前或往外移動物體。
	推	3	辭讓、讓與。
	推	3	藉口、假托。
	推	4	從時間參考點開始計算。
	推	4	用工具在物體表面修剪長在該物體表面的後述對象，通常是較短的毛髮或草。
	推	4	反主事者身體方向施力而使後述對象順著施力方向移動。
	推	4	根據前述訊息來判斷並得知後述結論。
	推	4	比喻贊成他人所發表的言論。
	推	4	比喻介紹後述對象的優點讓大眾知道。
	推	4	筋骨損傷時，用手調整身體結構，治療疾病。
	推	4	把焦距調近。
	推	4	用手或特定工具在皮膚表面揉搓。
3	過	1	使經過後述處理。
	過	1	由特定路徑通過。
	過	1	經歷時間上的里程碑。
	過	1	維持特定生活水準。
	過	1	達到標準，通過檢驗。
	過	1	表示達到正常的或較好的狀態或回到原來的狀態。
	過	1	表超越適當的限度。
	過	1	經歷後述時段。
	過	1	超越後述標準。
	過	1	行進路徑中，經過後述的里程碑。
	過	1	時態標記。表動作完畢。
	過	1	時態標記。表事件在參考時點前曾經發生。
	過	1	普通名詞。因犯錯而需承擔的責任。
	過	2	超出、超越。
	過	2	與「來」、「去」等連用，表示動作的趨向。
	過	2	死亡、逝世。
	過	2	太、甚。
	過	2	錯誤。
	過	2	忍受、領受。
	過	2	度。
	過	2	轉移。
	過	2	用於動詞後，表示曾經或已經的意思。
4	套	1	技巧、動作、事件等。
	套	1	拴繫牲口以拉車的皮繩或麻繩組。
	套	1	繩圈兒。
	套	1	成組的。
	套	2	接頭詞。形容用來包覆在特定物體上的。
	套	2	用言語設計問出實情。
	套	2	普通名詞。接尾詞。和特定物體形狀相符，用來包覆該物體的物品。
	套	2	比喻以特定規範限制後述對象的行為。
	套	2	比喻將其他特定對象拿來當作自己的使用。
	套	2	比喻利用和他人的交情，希望可以獲得好處。
	套	2	形容事物成組搭配好的。
	套	3	普通名詞。比喻特定事件既定的程序或計畫。
	套	3	房屋向一端發展。
	套	3	普通名詞。比喻方法、手段。
	套	3	比喻用言語引導他人說出實情。
	套	3	比喻投資的資金因特定原因而無法流通運用。
	套	3	普通名詞。接尾詞。環繞特定物體且拉緊後可以固定在該物體上不會脫落的圈狀物。
	套	3	將和特定物體形狀相符的物品包覆在該物體上。
	套	3	計算成組搭配好的事物的單位。
	套	3	專有名詞。接尾詞。用於河流或山勢轉折彎曲的地方的名稱。
	套	4	罩在外面的。
	套	4	河流或山脈轉折彎曲的地方。
	套	4	用套拴繫。
	套	4	用圈狀物環繞在特定物體上。
	套	4	拉攏。
	套	4	量詞。計算成組事物的單位。
	套	4	互相配合、銜接或重疊。
	套	4	加在東西外面的罩蓋物。
	套	4	加罩。
	套	4	普通名詞。成組搭配好的事物的單位。
	套	4	綁住、限制住。
	套	4	獲取。
4	好	1	形容對特定對象的評價是正面的。
	好	1	容易。
	好	1	以便、便於。
	好	1	評價前述命題達到標準。
	好	1	問候語，常用於對話的開場。
	好	1	形容變好。
	好	1	表示責備或不滿意的語氣。
	好	1	表動作完成。
	好	1	容易，常用於疾病。
	好	1	可以、應該。
	好	1	相善、彼此親愛。
	好	2	形容態度親切的。
	好	2	喜愛並養成習慣。
	好	2	表示結束前一個話題，開始新的話題。
	好	2	痊癒。
	好	2	表示同意或允許。
	好	2	形容關係親近的。
	好	2	完成、完畢。
	好	2	反話，表示不滿意，有挖苦的涵意。
	好	2	表說話者主觀評價程度高，帶有誇張語氣或情感。
	好	3	值得，用於否定或疑問句。常用「沒什麼好…」、「有什麼好…」。
	好	3	愛、喜愛。
	好	3	完整的、沒壞的。
	好	3	很、非常。表示程度深。
	好	3	美、善，理想的。
	好	3	友愛的。
	好	3	關聯連接詞。連接目的，表上文的敘述可以幫助達成目的的意思。
	好	3	表命令聽話者按照標準做事，多用於祈使句。
	好	3	表示稱讚或允許。
	好	3	心中所喜愛的事。
	好	3	置於某些動詞之前，表效果佳。
	好	3	置於數量詞或時間詞之前，表示多或久的意思。
3	提	1	經過特定程序向特定對象取得屬於主事者所擁有的金錢或物品。
	提	1	用手以懸空的方式攜帶物體。
	提	1	以化學方法將特定物質由物體中取出。
	提	1	陳述時指涉到後述事件。
	提	1	經特定程序將犯人由監獄或看守所帶出。
	提	1	計算成提液體的單位。
	提	1	比喻改變事件預定執行的時間。
	提	1	普通名詞。接尾詞。一端略呈半球形的有柄器具，用來舀取流體食物。
	提	1	特定身體部位由下往上運動。
	提	2	專有名詞。姓。
	提	2	最先發現並公開後述理論或學說。
	提	2	將後述對象交給上級或有權的人。
	提	2	普通名詞。書寫筆畫的一種，由左向右上斜的下鈍上尖的筆畫。
	提	2	領取。
	提	2	發表後述想法或提案。
	提	2	用手懸空拿著。
	提	2	把預定時間往前移。
	提	2	增強後述精神特質。
	提	2	舉出、揭示。
	提	2	從下往上移。
	提	2	說、談。
	提	2	將文件列入正式紀錄，進入法律程序。
	提	2	振作。
3	分	1	表分別。
	分	1	計算分數的單位。
	分	1	個人在社會中所擁有的名位、職責與權利的範圍。
	分	1	計算利率的單位，一分為本金的十分之一。
	分	1	計算重量的單位，市制或台制，一分為一兩的百分之一。
	分	1	計算時間的單位，一分鐘為一小時的六十分之一。
	分	1	普通名詞。用於紀錄成績或競賽結果的數目。
	分	1	計算抽象事物的單位。
	分	1	將整體變成若干部分，或使聯在一起的事物離開。與「合」相對。
	分	1	將事物分享或分配給人。
	分	1	準量詞。計算視為整體的抽象事物。
	分	1	整體中一個單位。
	分	1	清楚的、明白的。
	分	1	計算可經由轉移後取得所有權的事物的單位。
	分	1	普通名詞。在事件中發生作用的人際關係。
	分	1	由總機構中分出來的。
	分	1	計算角度的單位，一分為一度的六十分之一。
	分	1	依特性做分類。
	分	1	計算文件、出版品的單位。
	分	1	計算長度的單位，市制或台制，一分為一寸的十分之一。
	分	1	成分。
	分	1	計算土地面積的單位，市制或台制，一分為一甲的十分之一。
	分	1	在分配的事務中取得一份。
	分	1	普通名詞。人的社會地位。
	分	1	計算貨幣的單位，一分為一元的百分之一。
	分	1	將整體事物區隔成幾部份。
	分	1	特定對象分開。
	分	1	情誼、關係。
	分	1	計算可分配的成套具體事物的單位。
	分	1	普通名詞。無法自己選擇的角色。
	分	1	成績或競賽勝負的記數。
	分	1	比喻一起承受他人的負面情緒。
	分	1	形容由總機構或整體中分出來的。
	分	1	普通名詞。時間單位，一分鐘為一小時的六十分之一。
	分	1	普通名詞。在分配的事物中所取得的一分。
	分	1	分擔。
	分	1	數學上用來表示分數，或直接指分數。
3	切	1	普通名詞。與曲線或曲面相觸於一點，而不與其相交的直線。
	切	1	貼近。
	切	1	表說話者的強烈建議。
	切	1	急迫、急促。
	切	1	按脈。
	切	1	電訊傳播中，截斷目前通訊，將第三消息插入。
	切	1	用利器將後述物體分成符合預期的幾個部份。
	切	1	插入特定主題。
	切	1	直線與弧線或兩弧線相接於一點。
	切	1	咬、咬緊。
	切	1	一定、千萬。
	切	1	將影像或聲音插入目前的通訊中。
	切	1	截斷影像或聲音的傳輸。
	切	1	幾何學上指直線與弧線或兩弧線相接於一點。
	切	1	轉換車道，通常是無預警且快速的。
	切	1	將一整副牌分成幾個部份。
	切	1	貼近後述對象。
	切	1	用刀把東西割斷、分開成幾部分。
	切	1	符合後述對象。
	切	1	利用閃身進出籃下禁區。
	切	1	密合。
	切	1	形容前述情感非常強烈。
	切	1	籃球賽中閃身進攻對方籃下。
	切	1	以切的動作傷害到後述對象。
	切	1	古代拼音法，以「上字取聲，下字取韻」的規則將兩字拼讀成一字。
	切	1	把脈。
4	成	1	專有名詞。姓。
	成	1	形容具有令人佩服的特質的。
	成	1	現有的、舊有的。
	成	1	變為。
	成	1	普通名詞。付出努力後所獲得的為眾人肯定的成果。
	成	1	形容表示同意或允許。
	成	1	形容已經製作完成，購買後可以直接使用的。
	成	1	形容動物長到成熟的階段。
	成	1	達到。
	成	1	幫助他人達成目標。
	成	1	指多個性質相近的個體形成後述完整整體。
	成	1	設置後述機構或組織。
	成	1	形容已經存在，可以直接使用的。
	成	1	形容達到後述結果。
	成	1	指達到後述數量。
	成	1	構成整體的。
	成	1	指特定時段的整體。
	成	1	計算土地面積的單位，中國古代一成等於十里平方。
	成	1	完整的。
	成	1	指多個個體集合成後述單位。
	成	1	形容具備完成特定事件能力的。
	成	1	經過特定過程形成後述結果。
	成	1	量詞。計算十等分概念的單位。
	成	1	促成。
	成	1	現有的一切。
	成	1	做好事情。
	成	1	可以。
	成	1	計算數量的單位，一成等於十分之一。
4	解	1	專有名詞。姓。
	解	1	見識、看法。
	解	1	打開、鬆開、鬆脫。
	解	1	除去對特定對象的限制，使其恢復原本的狀態。
	解	1	普通名詞。方程式中未知數的值。
	解	1	解釋說明隱晦的後述對象。
	解	1	解開原本綁成結或扣住的後述對象。
	解	1	免除、消除。
	解	1	動物排泄糞便或尿液。
	解	1	押送、發遣。
	解	1	排出汗水或大小便。
	解	1	分割、剖分。
	解	1	銀行收到特定款項後整筆交給其他行庫。
	解	1	清楚地知道。
	解	1	專有名詞。易經卦名，易經六十四卦之一，坎下震上。
	解	1	曉晤、明白、清楚。
	解	1	分裂、分散。
	解	1	比喻解決後述對特定事件特別在意的心理狀態，通常為負面事件。常與「結」連用。
	解	1	陳述、說明。
	解	1	限制特定對象的行動並將其送到特定地點。
	解	1	答案。
	解	1	剖開後述物體並將其分成多個小部件。
	解	1	比喻在感情上可以與特定對象分割。
	解	1	消除後述負面狀態使其不存在。
3	搭	1	專有名詞。姓。
	搭	1	搭乘有座位的遊樂設施。
	搭	1	組合之內各對象互相合作。
	搭	1	兩物體在空間上相連。
	搭	1	搭乘有座位的交通工具。
	搭	1	覆蓋。
	搭	1	配合。
	搭	1	以特定副食搭配主食食用。
	搭	1	將兩個以上的特定對象組合在一起。
	搭	1	乘坐。
	搭	1	參預、加入。
	搭	1	比喻建立特定對象間的關係。
	搭	1	形容兩個特定對象間的搭配很協調。
	搭	1	連接、接著。
	搭	1	將特定材料架起，組合成特定傢俱或建築物。
	搭	1	架設、架起。
	搭	1	藉著後述對象的動力移動。
	搭	1	鉤、牽引。
	搭	1	特定物體架在另一物體上。
	搭	1	在競爭中因失敗而給贏的一方代價。
	搭	1	通訊線路接通。
	搭	1	擬聲詞。模擬水滴落的聲音。
	搭	1	利用特定時機獲得競爭上的優勢。
	搭	1	特定對象將肢體放在另一肢體上。
	搭	1	比喻以後述對象為媒介進行特定事件。
3	度	1	計算事件發生的次數的單位。
	度	1	計算溫度的單位。
	度	1	普通名詞。計量長度的標準。
	度	1	從特定地理範圍的一邊到另一邊，通常為水體。
	度	1	普通名詞。圓弧及角的單位。
	度	1	引導人出家。
	度	1	普通名詞。接尾詞。依照特定標準計量的單位。
	度	1	普通名詞。應該遵守的標準。
	度	1	普通名詞。能容納的範圍。
	度	1	普通名詞。音程的單位。
	度	1	計算電量的單位，一度等於一千瓦小時。
	度	1	引導鬼魂回到陰間。
	度	1	計算水量的單位，一度等於一立方公尺。
	度	1	猜測並評量。
	度	1	普通名詞。溫度的單位。
	度	1	普通名詞。水量的單位，一度等於一立方公尺。
	度	1	普通名詞。接尾詞。比喻前述特性的程度。
	度	1	普通名詞。電量的單位，一度等於一千瓦小時。
	度	1	普通名詞。經緯度的單位。
	度	2	法制、規範。
	度	2	標準。
	度	3	外表、儀態。
	度	3	考慮、推測。
	度	3	表示物質的相關性質所達到的狀況。
	度	3	測量。
	度	3	數學上指：(1)
	度	3	過、跨越。
	度	3	人的器量、胸懷。
	度	4	專有名詞。姓。
	度	4	計算鏡片度數的單位。
	度	4	經過特定時段。
	度	4	計算圓弧及角的單位。
	度	4	普通名詞。鏡片度數的單位。
	度	4	計算音程的單位。
	度	4	比喻克服後述困難。
4	主	1	專有名詞。姓。
	主	1	承擔管理或執行特定事件的責任。
	主	1	牌位。
	主	1	普通名詞。擁有支配特定對象權力的人。
	主	1	有物權或事權的人。
	主	1	對特定對象提出後述看法並以道理支持。
	主	1	領導者。
	主	1	普通名詞。對特定事件的決定權，常用於否定。
	主	1	帝王。
	主	1	普通名詞。特定對象所有權的擁有者。
	主	1	負責、主持。
	主	1	當事人。
	主	1	接尾詞。經歷前述事件的人。
	主	1	賓客或奴僕的相對詞。
	主	1	普通名詞。邀請並負責招待賓客的人，相對於客人。
	主	1	前述對象會影響並導致後述事件的發生，通常用於占卜或命理。
	主	1	主要的。
	主	1	普通名詞。國家唯一且通常由世襲制度產生的統治者。常用接尾詞。
	主	1	贊同。
	主	1	普通名詞。特定宗教對其信仰的神的稱呼，通常是基督教或回教。
	主	1	自己的。
4	於	1	專有名詞。姓。
	於	1	引介受與動作的接受者。
	於	1	引介被動句中的肇始者或施事者。
	於	1	引介比較的標準。
	於	1	位置處於後述地點。
	於	1	在。
	於	1	對。
	於	1	引介事件的來源。
	於	1	引介時間點。
	於	1	引介後述事件的範圍。
	於	1	引介處所。
	於	1	引介受事者。
	於	1	引介動作或狀態達到的階段或程度。
4	方	1	專有名詞。姓。
	方	1	某一地的。
	方	1	表低於預期的程度或數量。
	方	1	正處在特定時期或階段。
	方	1	四個角都是九十度的四邊形。
	方	1	區域。
	方	1	普通名詞。做事的步驟或技巧。
	方	1	數學上的乘方。
	方	1	位置詞。特定地區中位於前述方向邊緣的地點。
	方	1	位置、地位的一邊或一面。
	方	1	形容四個角都是九十度的四邊形。
	方	1	才、始。
	方	1	普通名詞。治病的藥單。
	方	1	正直。
	方	1	普通名詞。地理上的區域。
	方	1	治病的藥單、配藥的單子。
	方	1	表因前述事情而導致後述事件。
	方	1	量詞。計算方形物品的單位。相當於「塊」、「個」。
	方	1	計算方形物品的單位。
	方	1	正、適。
	方	1	法子、辦法。
	方	1	普通名詞。相對或並列的對象。
4	中	1	普通名詞。大學中教授中文知識的教學研究單位。中文系所的簡省。
	中	1	遭受、感染。
	中	1	內、裡面。
	中	1	地方詞。位於臺灣島的國家，轄區包含臺灣、澎湖、金門、馬祖。
	中	1	位置詞。空間範圍與各端點距離大約相等的位置。
	中	1	時態標記。表持續狀態。常用「(正)在…中」。
	中	1	普通名詞。人心。
	中	1	普通名詞。階段不在兩端的部份。
	中	1	因疾病或毒素而影響身體機能。
	中	1	時間範圍分三階段時，不屬於兩端點的時段。
	中	1	位置詞。在前述對象所包含的空間範圍。
	中	1	普通名詞。在特定領域中，累積足夠經歷正在承擔主要工作的一輩。
	中	1	位置詞。事物分成三部份時，不在兩端的部份。
	中	1	地方詞。臺灣地名，位於臺灣中部，介於苗栗縣、彰化縣之間的地區。「台中」的簡省。
	中	1	普通名詞。接近標準或平均的規模大小。
	中	1	因他人的惡意設計而受到負面影響。
	中	1	從施力來源使投擲物經過運動路徑到達目標。
	中	1	普通名詞。等級不在兩端的部份。
	中	1	在前述的時間範圍內。
	中	1	空間範圍分三部份時，不屬於兩端點的高度。
	中	1	合、正對上。
	中	1	泛指某一時期以內。
	中	1	距離四方或兩端相等的部位。
	中	1	在競爭過程中達成目標。
	中	1	正好。
	中	1	位置詞。順序不在兩端的部份。
	中	1	普通名詞。中華民族的主要通用語文，為中國大陸、臺灣、新加坡的官方語言。
	中	1	形容接近標準或平均的距離長度的。
	中	1	普通名詞。接近標準或平均的時段長度。
	中	1	表示動作正在進行。
	中	1	在事件的過程中。
	中	1	居間介紹、連絡的。
	中	1	地方詞。空間範圍內包含參考點的區域。
	中	1	普通名詞。麻將中的牌面，為三種箭牌之一。
	中	1	接近或配合後述對象的預期。
	中	1	考取。
	中	1	半。
	中	1	位置詞。在前述的機構或領域範圍。
	中	1	居於高低、大小、好壞之間的。
	中	1	因幸運而獲得獎勵。
	中	1	普通名詞。中華民族的文化。
	中	1	形容階級架構不在兩端的。
	中	1	形容功能接近標準或平均的。
	中	1	專有名詞。治理中華民國的政府。
	中	1	得。
	中	1	普通名詞。「中年」的簡省，年齡在四十到六十歲間。
4	收	1	拘押、捉拿。
	收	1	獲得、索取。
	收	1	獲得效果。
	收	1	收拾整理散亂的東西。
	收	1	控制、約束感情或思想。
	收	1	將事物整理到定點。
	收	1	比喻將特定事物放在記憶中。
	收	1	收回、取回。
	收	1	埋葬。
	收	1	容納、接納。
	收	1	得到由來源給予的事物。
	收	1	控制、約束。
	收	1	書信的啟封詞。
	收	1	接到、接受。
	收	1	「收盤」的簡省。
	收	1	比喻景象投射到眼中。
	收	1	收取金錢。
	收	1	事物從開的狀態改變到合的狀態。
	收	1	收回、撤回。
	收	1	前述團體將特定團體的所有權歸入前述團體中。
	收	1	接受成為特定團體或集合的一部份。
	收	1	聚斂、縮合。
	收	2	割取成熟的農作物。
	收	2	結束、停止。
	收	2	購買。
	收	3	接到。
	收	3	整飭、整理。
	收	3	掩埋屍骨。
	收	3	收集物品以獲得經濟利益。
3	放	1	政府或機關將物資等發給特定的對象。
	放	1	將金錢存在特定金融機構。
	放	1	解除對後述對象的約束，使其可以自由活動。
	放	1	將人強制送到偏遠地方以為懲罰。
	放	1	放蕩、不拘束。
	放	1	從特定主體中散發出氣味、光線、能量或煙霧等。
	放	1	比喻在作品中加入後述成份。
	放	1	比喻對特定事物不再在意。
	放	1	播放影音。
	放	1	在有特定功能的人造物中注入水以進行該項功能。
	放	1	改變態度使達到後述狀態。
	放	1	比喻事件發生在特定地點。
	放	1	將紡織品做成的衣物原來縫製的地方折開以增加其長度。
	放	1	比喻將事物安置於抽象的範圍裡。
	放	1	以聲或光的方式發出訊號，通常用於警告。
	放	1	將手由原來緊握的物品上鬆開。
	放	1	發射飛行物。
	放	1	安置。
	放	1	將捲起或收起的物體解開，使其長度可以展開。
	放	1	比喻在出版品刊登特定文章。
	放	1	有花植物的花朵長出並舒展。
	放	1	因假日停止上班或上課。
	放	1	逐。
	放	1	比喻擱置不使用，常用「放著…不…」。
	放	1	在一定時間後停止。
	放	1	打網球、排球、乒乓球時的偷襲。
	放	1	開、展。
	放	1	散播消息。
	放	1	點燃後述含有火藥的人造物，使其發出聲音或光。
	放	1	以使特定對象著火的方式破壞特定對象。
	放	1	比喻將前述抽象對象放置在一個抽象位置上。
	放	1	比喻事件發生在特定時間。
	放	1	解除對後述對象的約束，使其得到自由。
	放	1	將前述對象歸類於後述類別。
	放	1	比喻將精神或情感集中在特定對象上。
	放	1	發出。
	放	1	釋出資金，使其在市面上流通。
	放	1	調整事件進行的速度，使達到後述狀態。
	放	1	任官職，多指京官外任而言。
	放	1	製作特定物品時，加進後述材料。
	放	1	順著自己的意思做後述事件不加約束。
	放	1	放縱、任由。
	放	1	將手中人造物鬆開使其飄浮，通常是進行特定儀式或遊藝活動。
	放	1	使流體由容器中流出。
	放	1	在生物上施用具有特定效能的藥物或毒物上。
	放	1	弄，置於「仔細」、「明白」、「聰明」等詞前，有提請注意的意思。
4	傳	1	比喻病原或疾病由一個身體到另一個身體。
	傳	1	將學問或技藝教導給他人。
	傳	1	解釋經義的文字、書籍。
	傳	1	正式通知並強制與案件相關的人出庭。
	傳	1	把權力依固定順序交給下一個人。
	傳	1	將物品經固定路線與順序由一方交到下一方。
	傳	1	宣揚後述對象，通常為宗教教義。
	傳	1	把物品依固定順序交給下一個人。
	傳	1	普通名詞。記載特定對象事蹟的文字。常用接尾詞。
	傳	1	經由身體的動作將物品交給另一方。
	傳	1	訊息、事件等傳播開來。
	傳	1	由一方將資訊告訴另一方。
	傳	1	普通名詞。以文字解釋經書內容的書。
	傳	2	記載某人一生事跡的文字。
	傳	2	轉交、遞送。
	傳	2	由一方交給另一方或由上代交給下代。
	傳	2	接導。
	傳	2	教授。
	傳	2	下令叫喚。叫、命令人來。
	傳	3	普通名詞。描述人物故事的作品，通常有杜撰成份。
	傳	3	使特定特質在下一代重現。
	傳	3	經由媒介或管道將事物從一處傳到另一處。
	傳	3	將特定對象經由媒介交給另一方。
	傳	4	表達、表現。
	傳	4	輾轉流布。
3	對	1	比照檢查。
	對	1	前述對象所在的位置正面朝向後述對象。
	對	1	調整到適合的方向或位置。
	對	1	雙方處於對等關係。
	對	1	與對手比賽。
	對	1	回應。
	對	1	表成雙但方向相反的相同動作。
	對	1	依據特定標準來核對。
	對	1	成雙的人或物。
	對	1	對抗。
	對	1	引介事件所涉及的對象或範圍。
	對	2	在對句中把字或詞配合上。
	對	2	使兩種事物配合在一起。
	對	2	對聯的簡稱。
	對	2	雙方抗爭起來。
	對	2	朝著、向著。
	對	2	量詞。計算成雙的人或物的單位。
	對	2	正確、正常的。
	對	2	一般的應答。
	對	2	對面的。
	對	3	表示動作的對象。
	對	3	引介評價的標準或觀點。常用「對…來說」、「對…而言」。
	對	3	形容適合的，用於否定句、條件句或疑問句，表抽象狀況。
	對	3	接近或配合後述對象的預期。
	對	3	形容正常的，只用於疑問句或否定句，假設其不正常。
	對	3	引介受事者。
	對	3	以特定方式互動。
	對	4	調整使合標準。
	對	4	引介動作的方向。
	對	4	對待、看待。
	對	4	相合、投合。
4	白	1	形容同類事物中顏色比較淺的。
	白	1	形容比喻正當團體，不屬於黑道的。
	白	1	形容皮膚因生理或心理因素失去血色。
	白	1	形容清楚而容易理解的。
	白	1	形容沒有任何添加物的。
	白	1	表沒有付出代價而得到好處的。
	白	1	形容物體顏色轉變成白色的。
	白	1	普通名詞。白話音。
	白	1	普通名詞。比喻喪事。
	白	1	普通名詞。歐裔人種。
	白	2	潔淨的。
	白	2	沒有添加任何東西的。
	白	2	白色的。
	白	2	率直、誠實。
	白	3	專有名詞。姓。
	白	3	斜眼看人露出眼白，通常表示不滿。
	白	3	淺顯的。
	白	3	徒然。
	白	3	形容把字寫錯或唸錯的。
	白	3	普通名詞。白話文。
	白	3	彰明、表明。
	白	3	表沒有獲得預期效果的。
	白	3	不付代價而得到好處。
	白	3	表示輕視或不滿的動作。
	白	3	以合法掩護非法，以正當掩護不法的。與「黑」相對。
	白	3	形容色譜上最明亮，可以反射所有光線的。
	白	3	形容是白話文的。
	白	3	表示輕視或不滿的樣子。
	白	3	錯誤的。
	白	3	戲劇裡的對話。
4	發	1	事先核准後將後述證件或執照給特定對象。
	發	1	清楚決定。
	發	1	普通名詞。彈藥數量的單位。
	發	1	動物用發聲器官產生聲音。
	發	1	公開作品或商品，使其在銷售管道流通。
	發	1	專有名詞。周武王，討伐商紂王而建立周朝，諡號武。
	發	1	計算彈藥數量的單位。
	發	1	以電波或電腦為媒介傳送訊息。
	發	1	開始、啟動。
	發	1	以聲或光的方式發出訊號，通常用於警告。
	發	1	進行動作或事件時產生聲音。
	發	1	普通名詞。發射彈藥次數的單位。
	發	1	啟動機器裡的馬達。
	發	1	計算事件次數的單位。
	發	1	興起。
	發	1	由特定地點開出後述有固定路線、按排定時間行駛的交通工具。
	發	1	形容食材因發酵而膨脹的。
	發	1	從特定主體中散發出氣味、光線、能量或煙霧等。
	發	1	啟發後述對象。
	發	1	形容意外得到大量財物。
	發	1	生長、產生。
	發	1	使乾的食材泡水膨脹。
	發	1	開啟特定事件的重要階段。
	發	1	形容得到讓眾人羨慕的名利。
	發	1	產生後述生理狀態，通常為負面。
	發	1	發生後述災難。
	發	1	按特定的分配原則將物品給特定對象。
	發	1	給特定對象婚喪喜慶的邀請函，通常隱含接受者必須送禮。
	發	1	形容疾病或病徵出現。
	發	1	植物新的枝葉剛開始長出來。
	發	1	起程。
	發	1	以文字或言語內容給特定對象，通常要求其接受或回應。
	發	1	將本身沒有動力的物體射出，使其能在空中運動。
	發	1	為特定目的而使用後述能力或特質。
	發	1	普通名詞。發射雷射光線次數的單位。
	發	1	普通名詞。麻將中的牌面，為三種箭牌之一。
	發	1	放射。
	發	1	計算球類運動中，投球、擊球或踢球次數的單位。
	發	1	產生特定心理狀態或思想特質。
	發	1	公開出版作品或宣讀文字。
	發	1	說出話語。
	發	1	計算發射彈藥次數的單位。
	發	1	公佈消息或新聞。
	發	1	計算發射雷射光線次數的單位。
	發	1	使食材發酵。
	發	1	因變化而顯現出後述狀態。
	發	1	送出、付出。
	發	1	啟發。
	發	1	用言語或行為傳達情感或態度。
3	便	1	表達到目標的過程或條件比預期容易。
	便	1	形容腹部明顯凸起的。
	便	1	表在後述預設條件下，後述命題和前文相對，具有轉折的語氣。
	便	1	表強調說話者已知事實。
	便	1	表前述事件為後述事件的充分條件，表示在該條件或情況下自然發展。
	便	2	專有名詞。姓。
	便	2	表後述事件發生的時間比預期早。
	便	2	簡單的、非正式的。
	便	2	用於轉折，表與聽話者有共識。
	便	2	適宜、合宜。
	便	2	形容穿著打扮輕鬆非正式的。
	便	2	表無所謂的讓步。常用「…便…」。
	便	2	表後述事件緊接著前述事件發生。
	便	2	表後述事件在很短的時間內完成。
	便	2	順、順利、方便。
	便	2	方便的時候。
	便	2	動物排泄糞便。
	便	2	使特定事件的目的容易達到。
	便	2	表前述情況已滿足主觀的最低條件。
	便	2	普通名詞。可利用的有利條件。常用「…之便」。
	便	2	表加強說話者對陳述內容的肯定。
	便	2	屎、尿等的排泄物。
	便	2	普通名詞。動物排泄的糞便。常用接尾詞。
	便	2	排泄屎、尿。
3	來	1	用於數詞或量詞之間，表約略的意思。
	來	1	空間從別處移動至此處。與「去」、「往」相對而言。
	來	2	做某種動作，可廣泛取代被省略的動詞。
	來	2	表事件從無到有的趨向。
	來	2	表事件持續進行。常用「…起…來」。
	來	2	表前述對象進行後述事件。
	來	2	接於動詞之後，表示做了某些動作。
	來	2	表藉由前述工具、方法或範圍進行後述事件。
	來	2	表反覆。常用「…來…去」。
	來	2	代動詞。代替具有過程意義的動詞。
	來	2	表說話者在動作朝向的方向。
	來	2	表位置或方向一直變換。常用「…來…去」。
	來	2	事情臨頭、發生。
	來	2	用於數詞之後，表列舉。
	來	2	表從過去到現在。
	來	2	接於動詞之前，表示動作意願。
	來	2	女子月經來潮。
	來	2	表概數。
	來	2	代動詞。代替具有傳送路徑的動詞。
	來	2	與「得」、「不」連用，表能力可或不可。
	來	2	當口語中的襯字，無義。
	來	2	比喻結果因前述事件而產生。
	來	2	比喻靠運氣得到某些事物。
	來	2	表對事件的評價，後接說話者的評價。常用「…起…來」。
	來	2	時間從某定點直至現在。
	來	2	未來的、下一次的。
	來	2	表示能力許可。常與「得」、「不」連用。
	來	2	表無義的語尾助詞。
	明	1	專有名詞。姓。
3	明	1	燈光被點亮。
	明	1	形容比喻狀況變得明顯清楚。
	明	1	形容感官上明顯容易辨識。
	明	1	通曉。
	明	1	時間詞。中國朝代名，西元1368至1644年，由朱元璋所建立。
	明	1	形容比喻正面且容易遵循的。
	明	1	比喻使視力變好。
	明	1	形容比喻顏色較淺且亮度高的。
	明	1	時序在後的。
	明	1	形容比喻顯露在外部而容易看到的。
	明	1	形容光源的光線充足。
	明	1	時間詞。說話者所在的時間參考點的後一天。「明天」的簡省。
	明	1	形容比喻事件在公開的情況下進行的。
	明	1	形容白天開始時太陽從地平線升起照亮天空。
	明	1	才德高顯的。
	明	1	形容比喻有能力指導或帶領他人的。
	明	1	聰慧、悟性很高。
	明	1	比喻使皮膚變得有光澤。
	明	1	表由說話者主觀強調後述敘述的顯著性，後接轉折語氣。
	明	1	時間詞。說話者所在的時間參考點的後一年。「明年」的簡省。
	明	1	光亮的。
	明	1	公開的、顯露的。
	明	1	將後述對象清楚表達出來，讓他人知道。
	明	1	顯著的。
	明	1	形容認知的內容容易明確。
	明	1	形容比喻對人事物觀察清楚的。
	明	1	表公開表達不隱瞞。
4	著	1	發生。
	著	1	形容衣物穿在身上的狀態。
	著	1	表示動作正持續進行。
	著	1	附、接觸。
	著	1	塗上顏色。
	著	1	事情的歸宿。
	著	1	時態標記。前述動作已達到目的或有了結果。
	著	1	表示動作的存有。
	著	1	文章、作品的通稱。
	著	1	寫作。
	著	1	表示某種情形的程度。
	著	1	形容明顯的。
	著	1	處事的方法、計策。
	著	1	受。
	著	1	時態標記。表前述動作持續進行。
	著	1	表示狀態的持續或已有了結果。
	著	1	下棋行子。
	著	1	接觸。
	著	1	恰好、得當。
	著	1	陷入、中計。
	著	1	顯明。
	著	1	及、到。
	著	1	下棋時，計算下一子或走一步的單位。
	著	1	北方方言。指意見相合、同意。
	著	1	在接近容易抵達的位置。
	著	1	表示命令或囑咐的語氣。
4	下	1	頒布、傳達。
	下	1	低處、底部。與「上」相對。
	下	1	離開後述處所，並結束該場所的典型活動。
	下	1	離去、退場。
	下	1	低於、少於。
	下	1	謙抑、謙讓。
	下	1	等級低。
	下	2	做對他人不利的事。
	下	2	雲層的水以特定形態降到地上。
	下	2	事件或時間順序在參考點之後。
	下	2	計算技能項目的單位。
	下	2	身分微賤的。
	下	2	位置詞。比喻順序較後的方向。
	下	2	結束規定時間的工作或學習。
	下	2	放後述物品於土壤中。
	下	2	位置詞。表處在前述事件的情況或條件中。
	下	2	位置詞。同一物體內較低的部份。
	下	2	攻克。
	下	2	位置詞。比喻在參考點之後的文本順序。
	下	2	表動作的時間短暫。常用「兩下」、「三下」。
	下	3	做出某種說明、決定。
	下	3	進入。
	下	4	做階層較低的工作。
	下	4	量詞。計算動作次數的單位。
	下	4	往南或離開中心移動。
	下	4	製作特定物品時，加進後述材料。
	下	4	拿定主意去行動。
	下	4	時態標記。表可以容納。
	下	4	投入時間和精力。
	下	5	在某個期間或時節。
	下	5	內、裡面。
	下	5	動物生蛋。
	下	5	結束工作或學習。
	下	5	住宿、留宿。
	下	5	投送。
	下	5	放入、投入。
	下	5	拆卸、除去。
	下	5	生、生產。
	下	5	由高至低、降落。
	下	5	在後面的。
	下	5	稱隸屬於人者、地位較低者。
	下	5	從事、使用。
	下	5	表示動作完成或結束。
	下	5	自謙之詞。
	下	5	位置詞。比喻階級架構中低於前述階級的階級。
	下	5	降低身分。
	下	5	方面。
	下	5	往、到。
	下	6	判斷並做出陳述。
	下	6	投入賭注。「下注」的簡省。
	下	6	位置詞。比喻階級架構較低的方向。
	下	6	事物分成兩部份或三部份時，結尾的部份。
	下	6	從球場或舞台退場。
	下	6	時態標記。表由動態進入靜態。
	下	6	從後述地點移除，不使發揮功能。
	下	6	在生物上施用具有特定效能的事物。
	下	6	在比賽中得分。
	下	6	容納。
	下	6	時態標記。表動作有結果。
	下	6	表完成前述事件，後接導致的結果。
	下	6	計算肢體動作的次數。
	下	6	位置詞。比喻受到前述事物的負面影響的範圍。
	下	6	往低處移動。
	下	6	降低音高。
	下	6	等級或品質最低的。
	下	6	位置詞。比喻程度較低的方向。
	下	6	時態標記。表完全分離。
	下	6	位置詞。比喻地位或等級較低的人物。
	下	6	位置詞。在鏡頭檢視內的範圍。
	下	6	數量減少。
	下	6	位置詞。被前述物體覆蓋住的物體的位置。
	下	6	位置詞。比喻數量較少的方向。
4	上	1	最好的、優等的。
	上	1	進呈。
	上	1	事物分成兩部份或三部份時，開頭的部份。
	上	1	連結並使用網路。
	上	1	位置詞。順序在參考點之前的文本。
	上	1	按前述事物的觀點來陳述。
	上	1	表時間或次序在前。
	上	1	物體的表面、高處或邊側。
	上	1	位置詞。比喻地位或等級較高的人物。
	上	1	學生在特定學校系統修習特定課程。
	上	1	位置詞。比喻階級架構較高的方向。
	上	1	安裝關鍵零件。
	上	1	登載在媒體或公告上。
	上	1	位置詞。同一物體內較高的部份。
	上	1	普通名詞。漢語方言中，上揚的聲調。「上聲」的簡省。
	上	1	老師在特定學校系統教授特定課程。
	上	1	估計到了一定的數量。
	上	1	去、到。
	上	1	位置詞。前述物體的表面。
	上	1	動物排泄糞便或尿液。
	上	1	到了一定的標準或數量。
	上	1	旋緊。
	上	1	表動作的方向。
	上	1	接近、將近。
	上	1	位置詞。事件的發生在前述事物的範圍內。
	上	1	從球場或舞台出場。
	上	1	表示動作的開始或繼續。
	上	1	表示動作的發生或結果。
	上	1	位置詞。比喻順序較前的方向。
	上	1	往北或接近中心移動。
	上	1	做階層較高的工作。
	上	1	按規定的時間工作。
	上	1	高於前述物體的位置。
	上	1	在前面的。
	上	1	塗抹。
	上	1	進入特定學校系統開始接受教育。
	上	1	添加。
	上	1	登載。
	上	1	將文件送到等級較高的人或單位。
	上	1	地位高。
	上	1	教讀。
	上	1	位置詞。以前述事物為主題的範圍。
	上	1	等級或質量最高的。
	上	1	比喻靈性存在物在後述對象體內控制其言語或行為。
	上	1	開始進行有競爭的活動。
	上	1	到後述處所進行該場所的典型活動。
	上	1	表示範圍或某方面。
	上	1	轉緊發條。
	上	1	書信的結尾辭。
	上	1	事件或時間順序在參考點之前。
	上	1	時態標記。表達到一定的結果或目的，為結果補語。
	上	1	位置詞。比喻程度較高的方向。
	上	1	位置詞。比喻數量較多的方向。
	上	1	加在表面或接觸面。
	上	1	安裝。
	上	1	達到評量標準而獲得錄取。
	上	1	普通名詞。專指現代漢語標準語裡的第三聲。「上聲」的簡省。
	上	1	以前述事物為對象。
	上	1	與特定對象進行性行為。
3	一	1	專有名詞。姓。
	一	1	單個。
	一	1	表示加強的動作或突然的現象。
	一	1	全、滿、整。
	一	1	每每、每逢。
	一	1	表後述動作的完整性。
	一	1	數目字。整數，最小的正整數。
	一	1	相同、一致。
	一	1	表不正式做特定動作。常用「…一…」。
	一	1	序數。順序排在第一。
	一	1	表另外。
	一	1	才、剛剛。
	一	1	竟、乃。表示事出意外。
	一	1	事物的某方面。
	一	1	概括。
	一	1	全體中的所有個體單位，強調各個個體都適用。
	一	1	專注的。
	一	1	偶然。
	一	1	表完成後述動作後，緊接著發生相關事件結果。
	一	1	一次。
	一	1	事物的全體。
	一	1	另外的。
	一	1	每、各。
	一	1	放在二疊字動詞之間，表行為是不費力或嘗試性的。
3	照	1	憑證。
	照	1	表遵循既定的原則。
	照	1	知曉。
	照	2	普通名詞。經由攝影器材所拍攝出來的圖片。
	照	2	引介遵循固定的程序或規劃。
	照	2	在反射物上觀察自己的影像。
	照	2	攝取影像。
	照	2	引介後述事件的說明或評價。常用「照…看來」。
	照	2	表依據成例持續進行。
	照	2	引介特定的觀點。
	照	2	使用儀器觀測紀錄身體器官的影像來診斷病症。
	照	2	用攝影器材拍照片。
	照	2	引介遵循的原則。
	照	3	日光。
	照	3	比對、核對。
	照	3	映射。
	照	3	向著、對著。
	照	3	像片。
	照	3	投映。
	照	3	通知。
	照	4	面對特定的方向。
	照	4	引介判斷的標準或條件。
	照	4	普通名詞。經有權力的機構核准後所發的資格證明。
	照	5	看、顧。
	照	5	比擬、依據。
