24		Ng	13	以外	不在前述對象所包含的空間範圍。	私立單位似乎比較好，但在大都市<以外>的地方仍然很少見。
24		Ng	14	以外	不在前述的機構或領域範圍。	Ｂ型-巨蟹座對於同伴<以外>的人很小心，不容易開展心胸。
10	noun.communication	Na	31	奏	中國古代文體之一，內容為臣下進呈君王的文書，通常用於報告。	明初定制，臣民具疏上於朝廷者為<奏>本。
9	noun.communication	Na	49	推斷	事件名詞。根據已經知道的事實所斷定的結論。	與北京沒有互信下，事事又不得不做最壞的<推斷>。
4	noun.act	Na	50	刀	事件名詞。比喻醫生幫病人所進行的侵入性治療。	有可以排<刀>的固定手術房時間，雖然僅是局部麻醉，但是病患應有同等權利。
10	noun.communication	Na	51	演出	事件名詞。表演藝術的一次呈現。	即日起，至明年元月初，預計進行六十六場<演出>。
24	noun.person	Nh	57	雙方	事件裡處於相對地位的兩個人或兩團體的代稱。	此役，席莉絲與費南德茲於前兩盤各有建樹，<雙方>以一比一戰平。
14	noun.person	Nh	81	合家	代指一個家庭中的所有成員。	金嗓900K電腦點歌機是您假日休閒<合家>團圓好良伴。
24	noun.relation	Nh	83	後者	代指並舉的兩種對象中次序在後的那一個。	其中程式佔約35Ｋ，資料區撥用64Ｋ，但<後者>實際上約只用一半。
3	noun.person	Nh	84	自己	代指主事者。	在古代若子女不像<自己>，是做父母的極不能忍受之事。
9	noun.Tops	Nh	85	自我	代指人對自身的意識與認知。	貓咪無法回應，是因為牠沒有<自我>可以選擇。
18	noun.person	Nh	86	他們倆	代指他們兩個人。	我看<他們倆>要好得很，也許到香港，就會訂婚。
18	noun.person	Nh	89	誰	代指任何人。	唐朝時太監魚朝恩，是一位握有權柄的宦官，<誰>都怕他。
24	noun.person	Nh	91	伯仲	代指前述對象家中的兄弟。	書中還較多地評論了吳沆的作品，以及吳氏<伯仲>的作品。
18	noun.person	Nh	92	汝	代指單數的聽話者。	<汝>不善體高堂念遠之情，以死相嚇，喪心不孝，於斯而極！
18	noun.person	Nh	94	小兩口兒	代指年輕而關係像夫婦一樣親密的男女。	你們<小兩口兒>是去度蜜月的，我一個老太婆摻在裏面像什麼樣。
18	noun.person	Nh	96	老子	代指男性說話者自己，帶有狂妄的語氣。	黑臉老僧獰聲說道：那一個膽敢妄動，<老子>就斃了他！
18	noun.person	Nh	97	本人	代指當事人。	這種裝置我<本人>沒有見過。
18	noun.person	Nh	98	閣下	代指聽話者。	這國家的人的確對<閣下>做出狠毒之事，為<閣下>所滅，自無怨言。
18	noun.person	Nh	99	乃兄	代指聽話者的哥哥。	我今天給<乃兄>的信，談到人生婚姻的事，我說是人生最苦惱的事。
18	noun.person	Nh	100	自個兒	代指自己所擁有的。	隨妳隨妳！那是妳<自個兒>的事情。
18	noun.person	Nh	102	你們	代指複數的聽話者。	爸爸常嚇唬我們：如果<你們>不乖，就會被關到那兒！
18	noun.person	Nh	103	余	代指說話者。	五十六年六月的某一天，嚴行政院長靜波，突親自打電話告訴<余>說。
18	noun.person	Nh	104	咱	代指說話者和聽話者雙方。	這是，這、這都說、都說著玩的事兒，其實最不禮儀之邦就<咱>。
18	noun.person	Nh	105	他人	代指說話者或聽話者以外的人。	我們對<他人>的了解始終是隔一層。
18	noun.person	Nh	106	偶	代指說話者所擁有的。	我很孤單，即時通人很少，誰能當<偶>朋友？拜託！
18	noun.person	Nh	107	賢妻	代指說話者的妻子。	<賢妻>啊！<賢妻>啊！不要再笨了！不要再笨了！
18	noun.person	Nh	108	老夫	代指說話者，為年老男子的自稱。	李姑娘，你救我性命，<老夫>無以為報，便將這三枚毒針贈送於你。
24	noun.relation	Ncd	123	上	以前述事物為對象。	大企業遭遇的問題，第二波就會直接反映到中小企業身<上>。
15	noun.location	Ncd	223	左	位置詞。不確定的位置。常用「左…右…」。	他的臉上生滿了潰瘡，模糊糊，紅黏黏的<左>一塊、右一塊，連鼻子都爛了一半。
15	noun.location	Ncd	224	西	位置詞。不確定的位置。常用「東…西…」。	設立了公共垃圾箱後，人們不再東一堆，<西>一堆的隨處製造垃圾山。
15	noun.location	Ncd	225	上	位置詞。事件的發生在前述事物的範圍內。	荊軻有堅定的決心，生死早不放在心<上>。
15	noun.location	Ncd	226	裡	位置詞。事物內部不屬於表面的範圍。	改裝吉普車不是一件簡單事，從<裡>到外都需要技術。
15	noun.location	Ncd	227	後	事物整體的後半部。	邱富濱騎重機車經苗市中山路1070號前，因車速太快，<後>輪突然爆胎。
15	noun.location	Ncd	228	前	位置詞。人造物約定俗成朝上或朝前最容易觀察到的面。	榮譽獎卡由教師按具體事實給點，並於卡<前>簽寫姓名、日期。
15	noun.location	Ncd	229	後	位置詞。人造物約定俗成朝下或朝後最不容易觀察到的面。	介紹朋友相互認識時，在名片<後>可寫上朋友的簡歷，以幫助相互了解。
15	noun.relation	Ncd	230	上	位置詞。以前述事物為主題的範圍。	蟋蟀在昆蟲分類<上>是屬於直翅目中的蟋蟀科。
15	noun.location	Ncd	231	之後	位置詞。位置或順序在另一物體的後面。	文藝大隊走在煤礦工人隊伍<之後>。
24	noun.relation	Ncd	232	當中	位置詞。前述對象的範圍內。	去年，全國查獲走私槍枝八百七十五把<當中>，四分之一以上為菲律賓製手槍。
15	noun.location	Ncd	233	上	位置詞。前述物體的表面。	他的臉<上>雨水未乾，點點鬍髭洩漏連日的辛勞。
15	noun.location	Ncd	234	下	位置詞。同一物體內較低的部份。	整個柱式自<下>而上分為台座、柱礎、柱身、柱頸、柱頭等部分。
15	noun.location	Ncd	235	上	位置詞。同一物體內較高的部份。	整個柱式自下而<上>分為台座、柱礎、柱身、柱頸、柱頭等部分。
26	noun.state	Ncd	236	當中	位置詞。在事件的過程中。	在剛才的階段<當中>我們討論了，是什麼樣的狀況比較容易造成挫折？
15	noun.location	Ncd	237	中	位置詞。在前述對象所包含的空間範圍。	媽媽先教我漂浮、水<中>站立、換氣，再加上踢腳、蛙手。
15	noun.location	Ncd	238	中	位置詞。在前述的機構或領域範圍。	這項構想將在即將舉行的臨時大會<中>提案。
15	noun.location	Ncd	239	下	位置詞。在鏡頭檢視內的範圍。	嫦娥臉上的雀斑，在60倍左右的望遠鏡<下>，一覽無遺。
15	noun.location	Ncd	240	口	位置詞。容器供內容物進入的地方。	他從桌子下面拿車一些正好可以從罐<口>放進罐子的「鵝卵石」。
15	noun.location	Ncd	241	北	位置詞。指南針指向0或360度的方位。	中國大陸邊緣的走向是<北>60度東，脊樑山脈與海岸山脈組合的碰撞體走向是<北>16度東。
15	noun.location	Ncd	242	西	位置詞。指南針指向270度的方位。	因為地球由<西>向東自轉，使得北半球的風和海水的流動方向都會向右偏。
15	noun.location	Ncd	243	東	位置詞。指南針指向90度的方位。	祈禱完畢之後，漁船前面竟然出現一顆紅紅的火球，指引他們向<東>行駛。
15	noun.state	Ncd	244	下	位置詞。比喻受到前述事物的負面影響的範圍。	甚至連兩個尚不懂人間恩怨的小孩，也不免慘死在刀<下>！
24	noun.relation	Ncd	245	下	位置詞。比喻在參考點之後的文本順序。	老人糖尿病併發症有急、慢性之分，分別闡述於<下>。
24	noun.state	Ncd	246	後	位置詞。比喻在特定對象不在的場合。	我們很習慣在人面前讚美，卻在人<後>批評，大家都很愛面子吧！
18	noun.person	Ncd	247	下	位置詞。比喻地位或等級較低的人物。	上有高齡老母，<下>有五個嗷嗷待哺的子女，一個女人家怎麼辦？
26	noun.state	Ncd	248	後	位置詞。比喻實際狀況不容易看清，好像被表象所遮蓋的狀況。	在這資訊爆炸的時代，讀者應該要關切資訊<後>所隱藏的訊息。
23	noun.quantity	Ncd	249	上	位置詞。比喻數量較多的方向。	以及在中國大陸和越南的投資，都使得三洋業績更向<上>翻升。
23	noun.quantity	Ncd	250	下	位置詞。比喻數量較少的方向。	螢幕的角度必須可以向上調整二十度，向<下>調整五度。
18	noun.person	Ncd	251	後	位置詞。比喻特定對象在前述對象的成功中扮演未被宣揚的角色。	即使在職場，女性仍只能是成功男人<後>的偉大女人嗎？
7	noun.state	Ncd	252	上	位置詞。比喻程度較高的方向。	我認為老師講的很對啊，我會按照他說的做，我會向<上>努力的。
14	noun.group	Ncd	253	下	位置詞。比喻階級架構中低於前述階級的階級。	Tex系統置於目錄/urs/local/Tex<下>。
14	noun.group	Ncd	254	下	位置詞。比喻階級架構較低的方向。	車種的階級越往<下>，女性購買力越高。
14	noun.group	Ncd	255	上	位置詞。比喻階級架構較高的方向。	不論是研究學問，做人或做事，他們都永遠在努力向<上>，追求理想。
14	noun.event	Ncd	256	上	位置詞。比喻順序較前的方向。	台塑六輕往<上>整合，中油則朝下結盟。
14	noun.event	Ncd	257	下	位置詞。比喻順序較後的方向。	台塑六輕往上整合，中油則朝<下>結盟。
15	noun.location	Ncd	260	旁邊	位置詞。物體的側邊。	我目送那台<旁邊>印有「嘉義縣警察局水上分局」的警車徜徉而去。
15	noun.location	Ncd	262	首	位置詞。特定地區中位於前述方向邊緣的地點。	左<首>一個漢子砰的一拳，將另一個漢子打翻。
15	noun.location	Ncd	263	頭	位置詞。特定空間中，離說話者最近或最遠的一邊。	我把車子開到洞的那一<頭>去等，你們慢慢的看吧。
15	noun.location	Ncd	264	北	位置詞。空間範圍內北邊的區域。	醫療網等各項實質建設，縮短台灣地區<北>中東南四個區域的發展差距。
15	noun.location	Ncd	265	南	位置詞。空間範圍內南邊的區域。	請問中二高在<南>台中設置幾個交流道？
15	noun.location	Ncd	266	北	位置詞。空間範圍外北邊的區域。	橋下帝王石遍布，沿橋<北>的東富公路直行，約5公里可達「泰源幽谷」。
15	noun.location	Ncd	267	中	位置詞。空間範圍與各端點距離大約相等的位置。	三棒後藤首先擊出一支<中>外野方向二壘安打。
15	noun.location	Ncd	268	後	位置詞。與參考物體面對的方向相反的方向。	他眼睛瞪著花無缺，一步步往<後>退。
15	noun.location	Ncd	269	前方	位置詞。與參考物體面對的方向相同的方向。	鏡子裡面也有個世界，和我<前方>能看到的完全不同。
28	noun.time	Ncd	270	這裡	說話時間相關的事件點。	事情談到<這裡>，我也慢慢明白了。
15	noun.location	Ncd	271	旁邊	位置詞。表靠近參考點的地方。	澎湖<旁邊>的望安島，它不但沒有農業，也沒有工業。
15	noun.location	Ncd	272	下面	位置詞。被前述物體覆蓋住的物體的位置。	襯裙架是19世紀女人們套在她們裙子<下面>的箍裙。
15	noun.location	Ncd	273	那兒	詢問特定對象的位置。	大家都跑去<那兒>了?好幾天都沒出現了。
15	noun.location	Ncd	277	這裡	位置詞。離說話者或參考點較近的位置。	西方速食店在<這裡>並不多見。
15	noun.location	nom	278	那	位置詞。離說話者或參考點較遠的位置。	我在<那>玩得好開心哪！玩了好多遊樂器。
24	noun.relation	Ncd	279	上	位置詞。順序在參考點之前的文本。	有表演或參觀項目，內容十分豐富。門票及開放時間同<上>。
24	noun.relation	Ncd	280	前	位置詞。順序或次序排在整體的前半部。	根據現行的多數排名評分體系，科研型的大學更容易排名在<前>。
24	noun.relation	Ncd	281	後	位置詞。順序或次序排在整體的後半部，通常用於負面。	對於黨提名排名太<後>，郭獎吉自認「沒有什麼用」，但也未掛意，一笑置之。
15	noun.location	Ncd	282	上	高於前述物體的位置。	他坐直身子，放下雜誌，伸手掀開床頭櫃<上>的窗帘。
26	noun.event	Ng	628	中	在事件的過程中。	查訪<中>覺得黃某神態怪異，追問下黃某坦承吸食安非他命。
15	noun.location	Ng	636	以內	在前述對象所包含的空間範圍。	再看長城<以內>的這些城市，仍是由城牆所圍繞起來的。
24	noun.quantity	Ng	638	以內	在前述的數量範圍內。	如果需要量不是太多，二十個<以內>馬上給你。
28	noun.time	Ng	639	以內	在前述的時間範圍內。	由台東往北走，最遠的八仙洞，約2小時<以內>可抵達。
24	noun.location	Ng	640	以內	在前述的機構或領域範圍。	一開始這些學校是，唉，你說的是在專業這個範圍<以內>？∥嗯、嗯。
15	noun.location	Nc	677	哈薩克	地方詞。中亞的內陸國，位於中國、俄羅斯、烏茲別克、土庫曼和吉爾吉斯之間。	俄羅斯的載人飛船日前在<哈薩克>境內著落。
15	noun.location	Nc	678	上海	地方詞。中國城市名，位於東部沿海的港口，有東方明珠之稱。	<上海>的樓不矮，可是沒有紐約的那麼高。
15	noun.location	Nc	679	川	地方詞。中國省名，位於湖北、西藏之間的區域。「四川省」的簡稱。	<川>滇與西北的地方軍，向來獨自為政。
15	noun.location	Nc	680	滇	地方詞。中國省名，位於雲嶺之南，東界廣西、貴州，東北界四川，西北界西康，西與西南界緬甸，南界越南。「雲南」的簡稱。	緬<滇>之役，國軍在叢林中，一尺一碼的拚鬥。
15	noun.location	Nc	681	北平	地方詞。中華人民共和國的首都，古稱燕京，今稱北京，位於河北省西北部，永定河北岸的城市。	<北平>的農曆五月，則是火紅的五月。
15	noun.location	Nc	682	華	地方詞。中華人民共和國，建立於西元1949年。	改革開放10年，來<華>工作外國專家逾18萬。
15	noun.location	Nc	683	遠東	地方詞。亞洲東部地區。	政府期望將中正機場擴展為<遠東>地區的轉運中心。
15	noun.location	Nc	684	交通	地方詞。交通大學的建築物及建築物所在的位置。	從中油加油站前的大學路進去，即可見到新竹<交通>的正門，入門爬坡而上，映入眼簾的是寬廣美麗的「竹湖」。
15	noun.location	Nc	686	家鄉	地方詞。人的出生地或生長地。	有一天聽說有同鄉回來，金龍想去聽聽來人說說<家鄉>事。
15	noun.location	Nc	687	沙國	地方詞。位在阿拉伯半島的國家，西濱紅海，北臨約旦、伊拉克，東為科威特、卡達、阿拉伯聯合大公國，南為阿曼及葉門。「沙烏地阿拉伯」的簡省。	<沙國>一位官員表示，<沙國>政府亦希望和平解決波斯灣危機。
15	noun.location	Nc	689	台北市	地方詞。位於臺灣北部，為臺灣政治、經濟中心。	我們那一帶是<台北市>典型的文教區，附近有許多占地極大的平房。
15	noun.location	Nc	690	雄	地方詞。位於臺灣南部，介於臺東縣、屏東縣、臺南縣之間的地區。「高雄」的簡省。	發文字號：台區電信會四區<雄>字第950412號。
15	noun.location	Nc	691	高市	地方詞。位於臺灣南部，為臺灣第二個直轄市。「高雄市」的簡省。	內政部正在推動高雄新市鎮，距離<高市>援中港才六百多公尺遠。
15	noun.location	Nc	692	中	地方詞。位於臺灣島的國家，轄區包含臺灣、澎湖、金門、馬祖。	時至1972年，隨著日共建交，<中>日航線正式斷航。
15	noun.location	Nc	693	亞熱帶	地方詞。依氣候劃分的地理區域之一，氣候介於熱帶與溫帶之間的過渡區域。	黑潮也帶來許多熱帶和<亞熱帶>的海洋生物在此定居棲息。
6	noun.artifact	Nc	694	公園	地方詞。依特定主題規劃建設並提供大眾娛樂活動的場所，通常收費營運。	香港海洋<公園>更是舉世知名的海水旅館。
6	noun.artifact	Nc	695	館	地方詞。具有特定功能，供人進行特定活動的室內場所的建築物及建築物所在的位置。常用接尾詞。	<館>內除了展覽物品之外，還有大量適之先生的手稿、書信。
6	noun.artifact	Nc	696	集	地方詞。商品集中進行交易買賣的場所。	銅鼓鎮逢五有<集>，八月十五中秋節，趕<集>的人自然就多。
15	noun.location	Nc	697	韓	地方詞。國名，位於亞洲東北部，朝鮮半島上的國家。	漢武帝於公元前第二世紀末征服朝鮮置樂浪四郡之後，漢人入<韓>者漸多，其後再由朝鮮半島渡海赴日。
15	noun.location	Nc	699	新加坡	地方詞。國名，位於馬來半島南端，麻六甲海峽口的國家。	<新加坡>是個多民族的國家，由華人、馬來人和印度人組成。
15	noun.location	Nc	700	新	地方詞。國名，位於馬來半島南端，麻六甲海峽口的國家。「新加坡」的縮寫。	台、港、韓、<新>是亞洲經濟在80年代的象徵。
15	noun.location	Nc	701	蘇	地方詞。國名，包括現在的俄羅斯、烏克蘭等共和國，已於西元1991年解體。「蘇維埃社會主義共和國聯邦」的縮寫。	自蘇聯進口金額也達三千七百二十萬美元，我國對<蘇>貿易首度出現順差。
15	noun.location	Nc	702	英國	地方詞。國名，歐洲君主國家，位於歐洲大陸西北方的不列顛群島。	格利佛這個人，是一個<英國>醫生。
15	noun.location	Nc	704	世界	地方詞。地球上的所有地方。	東南亞地區將是<世界>中發展最快的地方。
6	noun.artifact	Nc	705	冢	地方詞。墳的建築物及建築物所在的位置。	衛天麟已無暇再看地上情，一長身形，騰空而起，一挺腰身，已將身體平貼在<冢>頂上。
6	noun.artifact	Nc	706	研究院	地方詞。大學中提供授予碩士或博士學位的教學與行政組織的建築物及建築物所在的位置。	欲參與香港科技大學研討會者須將申請表格遞交至研究院，有關申請表格可親身到<研究院>索取。
3	noun.Tops	Nc	707	自然界	普通名詞。天然生成的環境與事物。	大氣層受到污染，<自然界>失去了平衡。
3	noun.Tops	Nc	708	世界	地方詞。由空間、時間、物質、能量所構成的統一體，通常指空間。	如果<世界>會滅亡的話，但願就在這一剎。
15	noun.location	Nc	709	均	地方詞。宋代瓷器名窯之一。	商周時期的青銅器，南朝青瓷、唐三彩、宋代的官、哥、定、<均>四大名窯，元清花瓶、釉裡紅以及明代瓷器等，都是中國世珍品。
15	noun.location	Nc	710	外	地方詞。家裡以外的處所。	黃大和鄭智化平常都離開家人，獨自在<外>居住。
6	noun.artifact	Nc	711	宿舍	地方詞。宿舍的建築物及建築物所在的位置。	吃過晚飯後，又到Akira的公寓裡喝啤酒聊天。回到<宿舍>已將近一點。
6	noun.artifact	Nc	712	戲院	地方詞。專為播放電影而建的建築。	我最高紀錄是一天連看七場，看到媽媽跑來<戲院>打字幕找我，還躲著不肯出來。
6	noun.artifact	Nc	713	小學	地方詞。小學的建築物及建築物所在的位置。「國民小學」的簡省。	這所<小學>走一圈，不需要花十分鐘。
6	noun.artifact	Nc	714	廠	地方詞。工廠的建築物及建築物所在的位置。	出了<廠>，我們邊走邊啃冰糖葫蘆邊談。
6	noun.artifact	Nc	715	市府	地方詞。市政府的建築物及建築物所在的位置。	離開<市府>當天，由太太陪著散步回家的濮大威心事重重。
6	noun.artifact	Nc	716	園	地方詞。幼稚園的建築物及建築物所在的位置。	目前<園>中設有大、中、小各一班，每班園生各三十名，老師二名。
6	noun.artifact	Nc	717	廟宇	地方詞。廟的建築物及建築物所在的位置。	經過幾次改建之後，現在北港的媽祖廟是臺灣最宏偉的<廟宇>之一。
15	noun.location	Nc	718	目的地	地方詞。想要到達位置的地方。	陸海空的巴士、船艇及飛機，而到<目的地>後，展開一連串的旅遊行程。
6	noun.artifact	Nc	719	房	地方詞。房子的建築物及建築物所在的位置。	很多人家在<房>前種花植木，也有的養雞養狗。
6	noun.artifact	Nc	720	房間	地方詞。房間的建築物及建築物所在的位置。	我剛才看到他在<房間>裡面掉眼淚，好像很難過。
26	noun.Tops	Nc	721	人世	地方詞。指人所存在的時空。	阿公因病入院，一度向阿嬤表示自己可能不久<人世>。
6	noun.artifact	Nc	722	殿	地方詞。接尾詞。用於大型華麗建築物的名稱。	曾恭奉過媽祖的廟宇輪流為天后宮提供法師服務，今年輪到靈濟<殿>服侍。
15	noun.location	Nc	723	新加坡	地方詞。新加坡的首都。「新加坡市」的簡省。	<新加坡>連續21年被國際協會聯盟評選為亞洲最佳會議城市。
15	noun.location	Nc	724	台灣	地方詞。東亞的海島，與中國大陸隔著臺灣海峽。	<台灣>西海岸的地下水質逐漸鹽化。
6	noun.artifact	Nc	725	班	地方詞。正規學校系統之外，教授特定知識或技能的場所所在的地方及其建築物。	我在鋼琴<班>門口遇到老師。
8	noun.body	Nc	726	肚子	普通名詞。比喻人情緒所在的地方。	你算是蠻坦率大方的，但<肚子>裡也藏不住太多心事。
8	noun.body	Nc	727	肚子	普通名詞。比喻人知識所在的地方。	<肚子>裡的學問不是用裝的就裝的出來。
8	noun.body	Nc	728	心	地方詞。比喻人記憶所在的地方。	熟愁的舊景物容易喚起他<心>中的記憶。
8	noun.body	Nc	729	肚子	地方詞。比喻孕育胎兒的地方。	他不重視避孕，就是不尊重妳的健康及<肚子>的小生命。
15	noun.location	Nc	730	肚子	地方詞。比喻物體的內部。	300年國槐<肚子>裏竟然長出兩棵樹。
15	noun.cognition	Nc	731	眼前	地方詞。比喻生動記憶影像出現的地方。	隨著時間慢慢逝去，影像一一在我們<眼前>跳過，我卻陷入沈思之中。
6	noun.artifact	Nc	732	廚房	地方詞。烹飪食物的地方。	大部份的女人下了班回到家，皮包一丟，跑進去<廚房>就工作了。
15	noun.location	Nc	733	處	地方詞。特定對象所在的地方。	李文秀捧起地下的沙土石塊，堵塞進口之<處>。
15	noun.location	Nc	734	臺北縣	地方詞。環繞臺北市的縣。	我們從<臺北縣>的烏來入山，順著彎曲的山路前進。
24	noun.location	Nc	735	隔壁	地方詞。相鄰的位置。	夢幻電影城在旋律廣場<隔壁>，為一階梯式MTV視聽廣場，擁有一百二十吋的大螢幕。
17	noun.group	Nc	736	林	地方詞。眾多樹木生長在一起的地方。	我們站在會師樹下，望著這隱伏在<林>下叢莽中蜿蜒的小路，更有一番情思在心頭滾動。
6	noun.group	Nc	737	園	地方詞。種植花、草、樹木的地方。	他在家裡，每天灑水掃地，有時候也幫著母親在<園>裡種菜。
6	noun.artifact	Nc	738	股市	地方詞。股票買賣的市場。	先去<股市>開個戶口，把所有錢拿去買這兩隻股票然後等收錢。
14	noun.Tops	Nc	739	世界	地方詞。自然界一切事物的總合。	<世界>上很多事情都可以自圓其說。
15	noun.artifact	Nc	740	故宮	地方詞。臺北故宮的建築物及建築物所在的位置。「故宮博物院」的簡省。	有興趣了解內容者，可於活動期間到<故宮>參觀展示。
15	noun.location	Nc	741	臺南	地方詞。臺灣地名，位於嘉南平原上，介於嘉義和高雄之間的地區。	我是生長在<臺南>的望族。
15	noun.location	Nc	742	南	地方詞。臺灣地名，位於臺北市內的一個行政區。「南港」的簡省。	臺北捷運公司將南港線和板橋線合併簡稱為板<南>線，作為路線暱稱。
15	noun.location	Nc	743	蘇澳	地方詞。臺灣地名，宜蘭縣內的一個鎮，以蘇澳港著名。	為了便利海上交通，在<蘇澳>、臺中新闢海港。
24	noun.location	Nc	744	地下	地方詞。與說話者相對，在地心引力方向，可以支撐或站立的面。	<地下>的雪已積得這般厚，便是摔下來，也跌不死。
6	noun.artifact	Nc	745	警察局	地方詞。通指警察組織機構的建築物。	在<警察局>裡，聽到他被檢察官收押，我心裡很難過。
6	noun.location	Nc	746	入口	地方詞。連接內外，可以相通的進入處。	咱們守住狹窄的<入口>之處，那三個強人便不敢進來。
15	noun.location	Nc	747	營地	地方詞。部隊駐紮停留的場所。	據導遊說，現在城堡是作為軍隊駐紮的<營地>，軍人已有多年足不出戶。
6	noun.artifact	Nc	748	醫院	地方詞。醫院的建築物及建築物所在的位置。	胡志強在子女陪伴下到<醫院>四樓的空中花園散步。
14	noun.location	Nc	749	村莊	地方詞。非都會區的人們聚居的地方。	從興安嶺到海南島，千千萬萬個<村莊>裡，每天都有數萬農民在饑餓中死去。
6	noun.artifact	Nc	750	飯店	地方詞。飯店的建築物及建築物所在的位置。	不知道您宴客的<飯店>或餐廳在哪裡，桌數有幾桌？
14	noun.person	Nh	762	大伙	大家。	這個創意會由<大伙>輪流當主席使人人都有表現身段的機會。
18	noun.person	Nb	898	孔明	專有名詞。三國時代政治家和軍事家，三國演義一書中的主要角色，為輔佐蜀國的忠臣，著出師表。	記敘三國時代的歷史故事和英雄事蹟，<孔明>借箭是其中很精彩的一段。
18	noun.person	Nb	899	花木蘭	專有名詞。中國古代女扮男裝，代父從軍的孝女。	<花木蘭>代父從軍，是一個千古佳話。
17	noun.object	Nb	900	女	專有名詞。中國天文學的星宿，為北方玄武之一。	北方玄武之象，包括斗、牛、<女>、虛、危、室、壁七宿。
17	noun.object	Nb	901	星	專有名詞。中國天文學的星宿，為南方朱雀之一。	它把連續通過南中天的星分為二十八群，各以一個字來命名：角、亢、氏、房、心、尾、箕、斗、牛、女、虛、危、室、壁、奎、婁、胃、昂、畢、觜、參、井、鬼、柳、<星>、張、翼、軫。
17	noun.object	Nb	902	心	專有名詞。中國天文學的星宿，為東方蒼龍之一。	東方蒼龍象含角、亢、氐、房、<心>、尾、箕。
17	noun.object	Nb	903	胃	專有名詞。中國天文學的星宿，為西方白虎之一。	白虎是四靈之一，當然也是由星宿變成的。是由二十八星宿之中，位西方七宿：奎、婁、<胃>、昂、畢、觜、參變成的。
18	noun.person	Nb	904	孔子	專有名詞。中國春秋時代思想家，儒家思想的開創者，後世尊稱為至聖先師，本名孔丘。	<孔子>重視弟子的詩教，要求每位弟子都讀詩。
14	noun.group	Nb	905	中共	專有名詞。中國的第一大黨，在中國地區依照馬克思列寧主義所建立的無產階級政黨。「中國共產黨」的縮寫。	此工程是<中共>幹部拍腦袋的產物，從未經由專家設計過。
18	noun.person	Nb	906	秦始皇	專有名詞。中國第一個皇帝，統一文字及度量衡，修築萬里長城。	古代的<秦始皇>選用李斯為丞相，焚書坑儒，造成空前的大災難。
18	noun.person	Nb	907	中山	專有名詞。中國革命家，推翻滿清建立中華民國。	民國十年，<中山>先生當選中華民國大總統。
14	noun.group	Nb	908	趙	專有名詞。五胡十六國之一，西元304年至西元329年，劉淵所建。	西元三二九年石勒滅<趙>，北方除遼東、河西外，盡歸其有。
14	noun.group	Nb	909	北平	專有名詞。代表中華人民共和國政府。	我曾一再呼籲<北平>領導當局放棄意識形態的對立。
14	noun.group	Nb	910	臺北	專有名詞。代表臺灣的政府。	他最後的建議是：<臺北>應當掌握這次「江八點」的機會，謀求兩岸關係的改進。
9	noun.cognition	Nb	911	佛教	專有名詞。以釋迦牟尼佛為主神的多神教，主張生命痛苦，一切無常。	<佛教>禪宗講「頓悟」，忽然之間當下頓悟。
18	noun.person	Nb	912	達文西	專有名詞。十五世紀義大利藝術家、建築家及科學家，為義大利文藝復興三大藝術巨匠之一，畫有「蒙娜麗莎的微笑」等。	<達文西>和米開蘭基羅、拉斐爾並稱義大利文藝復興三傑。
18	noun.person	Nb	913	牛郎	專有名詞。古代神話中的人物。	<牛郎>織女秘密相會，不許人偷看。
18	noun.person	Nb	916	基督	專有名詞。基督教徒所信奉的救世主。	曼帖那：這是一幅前縮法來表現透視的作品。<基督>的腳掌顯然地縮小許多。
10	noun.person	Nb	917	維多利亞	專有名詞。外文名字。	辣妹<維多利亞>自曝誘惑男人的秘訣。
14	noun.cognition	Nb	918	禪宗	專有名詞。大乘佛教宗派之一，以菩提達摩為始祖，靜坐冥想為其修行方法。	<禪宗>講平常心，即淡泊自然。
10	noun.communication	Nb	919	康	專有名詞。姓	我們今天非常非常謝謝<康>先生，謝謝各位專家，謝謝大家。
10	noun.communication	Nb	920	蒙	專有名詞。姓。	在內蒙古包頭有很多姓<蒙>的人家。
10	noun.communication	Nb	921	體	專有名詞。姓。	我姓<體>，但是我一直不知道我的姓的來歷和歷史。
10	noun.communication	Nb	922	裘	專有名詞。姓。	我叫<裘>薈薈，蘆薈的薈。
6	noun.artifact	Nb	924	故宮	專有名詞。專指位於北京紫禁城神武門內的明清宮殿。	北京<故宮>是西元1406年明朝第二個皇帝朱棣下令修建的，歷時14年修建而成。
14	noun.group	Nb	925	清	專有名詞。居住在北亞的游牧民族，建立了清朝。	1644年<清>入關仍定都北京（京師）。
14	noun.group	Nb	926	韓	專有名詞。戰國七雄之一，西元前403年至西元前230年，韓宣子所建。	從周天子避難鎬京、歷史進入東周開始，先是<韓>趙魏的「三家分晉」，揭開七國爭雄的序幕。
15	noun.object	Nb	927	河	專有名詞。接尾詞。通常用於大型河流及其周遭區域的名稱。	葉尼塞<河>從南向北流經遼闊的中西伯利亞。
14	noun.object	Nb	928	河	專有名詞。接尾詞。通常用於大型河流附近人們群聚的地區的名稱。	參觀過羅亞爾<河>區的雪濃梭堡和香波堡後，最期待的是能在法式城堡住上一晚，想像自己從灰姑娘變成公主，睡在美美的床上，過過當公主的癮。
18	noun.person	Nb	929	國姓爺	專有名詞。明朝末年人，打敗荷蘭人，光復臺灣，延續明朝。	許多歐洲歷史學家談到臺灣，都會提到<國姓爺>與荷蘭人的故事。
10	noun.cognition	Nb	930	漸	專有名詞。易經卦名，易經六十四卦之一，艮下兌上。	戾山之上有巽木，山勢由低而高，樹木由矮而長，故為<漸>卦。
17	noun.object	Nb	931	歲	專有名詞。太陽系八大行星中的第五顆星。	昨夜斗回北，今朝<歲>起東。
18	noun.person	Nb	932	華佗	專有名詞。東漢名醫。擅長外科手術，首用麻醉劑為病人開刀治療。	<華佗>是三國時代的一位神醫，他對於各種醫術可以說無一不精。
18	noun.person	Nb	933	操	專有名詞。東漢末年的宰相，挾天子以令諸侯。「曹操」的縮寫。	既然司馬先生是在<操>先生作丞相以後才真的到了曹營，那又是什麼時候？
11	noun.event	Nb	934	亞運	專有名詞。每四年一次，輪流在亞洲各大城市舉辦的運動會。「亞洲運動會」的縮寫。	馬術項目則將以專案或個案方式討論其<亞運>參賽資格。
14	noun.group	Nb	936	中	專有名詞。治理中華民國的政府。	民國六十九年<中>美斷交，全省房地產界陷入黑暗期。
14	noun.group	Nb	937	巴格達	專有名詞。治理伊拉克的政府。	費玆瓦特說，美國曾向<巴格達>建議，利用向伊拉克航空公司或其他公司包租的飛機。
14	noun.group	Nb	938	四川	專有名詞。治理四川的地方政府。	<四川>預計以二十年打造生態經濟強省形象。
14	noun.group	Nb	939	新加坡	專有名詞。治理新加坡的政府。	<新加坡>反對台獨的舉動，近來引起臺灣的反彈。
14	noun.group	Nb	940	台北市	專有名詞。治理臺北市的地方政府。	目前淡水、汐止也久旱未雨，已向<台北市>買水。
14	noun.group	Nb	941	蘇	專有名詞。治理蘇聯的政府。「蘇維埃社會主義共和國聯邦」的縮寫。	美<蘇>的對話取決於莫斯科深化民主改革而不是走向威權統治的老路。
18	noun.person	Nb	942	適之	專有名詞。清末民初思想家，提倡新文化運動與白話運動。	胡適公園右側的小山坡上，是<適之>先生的長眠之地。
9	noun.cognition	Nb	943	禪宗	專有名詞。禪宗的教義。	密宗是要你先學<禪宗>，把<禪宗>學好了，所有的懷疑都已經拿掉，你再來學密宗，就非常契合。
11	noun.event	Nb	944	奧斯卡	專有名詞。美國電影藝術與科學學院每年頒給從事各項電影工作優秀人員的獎項。「奧斯卡金像獎」的縮寫。	斷背山獲<奧斯卡>最佳導演等三項大獎。
14	noun.group	Nb	945	泰雅	專有名詞。臺彎地區原住民之一，臺灣地區人口數第二多的原住民族群，主要分佈於北部高山。	在傳統社會結構瓦解，生活習俗喪失的今天，官辦的聯合活動，倒是讓大家了解<泰雅>文化的好時機。
6	noun.artifact	Nb	946	交通	專有名詞。臺灣國立大學之一，位於新竹市。「交通大學」的縮寫。	劉育廷錄取師大工教，<交通>電機與控制工程系計算機組，錄取資格為一般生正取。
6	noun.artifact	Nb	948	台大	專有名詞。臺灣國立大學之一，歷史最悠久，位於臺北市大安區。「台灣大學」的縮寫。	李從<台大>法律系畢業后，成了小有名氣的律師。
6	noun.artifact	Nb	949	輔仁	專有名詞。臺灣私立大學之一，位於臺北縣新莊市。「輔仁大學」的縮寫。	我讀<輔仁>，所以不太想回學校，因為沒什麼好玩的。
6	noun.artifact	Nb	950	淡大	專有名詞。臺灣私立大學之一，位於臺北縣淡水鎮。「淡江大學」的縮寫。	他希望這次表演可以刺激<淡大>、輔大合唱團的發展。
10	noun.artifact	Nb	951	蘇東坡	專有名詞。蘇東坡的作品。	邱貴榮喜歡文學，獨愛<蘇東坡>。
10	noun.artifact	Nb	953	蕩	專有名詞。詩經大雅中的一篇。	《大雅<蕩>篇》說：「匪上帝不時，殷不用舊。」說明上帝本是慈悲的。
18	noun.person	Nb	954	經國	專有名詞。近代中國政治家，名經國，字建豐，曾任中華民國第六任、第七任總統。「蔣經國」的縮寫。	在先總統蔣公及蔣故總統<經國>先生領導之下，臺灣經歷了經濟起飛。
9	noun.cognition	Nb	955	回教	專有名詞。阿拉伯人創立的一神宗教。	<回教>國家的法律與民情均允許一夫多妻。
24	noun.relation	Ng	1034	間	引介事件與事件的關係。	接著省市長大選，市井耳語<間>，隱藏選後玄機的籤詩讖語滿天飛。
7	noun.relation	Ng	1037	之間	引介事情或狀態發生的範圍。	海拔181240公尺，土壤酸度介於4.3到4.8<之間>，年氣溫平均21度，適合茶樹生長。
7	noun.time	Ng	1068	間	引介時間的範圍。	由吳京遂於同年十二月廿二日至廿六日<間>買進卅餘億元的達永股票，兩人卻不履行交割。
7	noun.cognition	Ng	1099	般	引用前述事件作為隱喻來描述。	白天就像在戰場上戰鬥<般>，常常是精疲力竭啊。
7	noun.cognition	Na	1192	中	形容功能接近標準或平均的。	乾麵辣味分四等，有輕辣、<中>辣、重辣及超級辣。
7	noun.artifact	Na	1596	勾	形容鉤形的。	鳳冠，有多齒冠、長冠和花冠三種，凡有<勾>喙的鳥體都可稱之為鳳。
4	noun.artifact	nom	1815	化妝	改變外表造型。	一碰到聖誕節這麼有歡樂氣息的節日，幾位女孩子湊在一起，便有聊不完的聖誕話題，甚至還打算辦個小小<化妝>舞會。
24	noun.time	Ng	1858	以前	早於特定參考時間點或事件。	我住在台北國賓飯店1216房。六點半<以前>我都在。
28	noun.time	Nd	1864	春季	時間詞。一年四季中的第一季。	今年<春季>，自然之旅、生態觀察活動特別多。
28	noun.time	Nd	1865	秋	時間詞。一年四季中的第三季。	天空隱得遠遠的，窗外是濃濃的深灰，十月的香港，<秋>已近了。
28	noun.time	Nd	1866	夏季	時間詞。一年四季中的第二季。	進口啤酒銷售高峰期都在<夏季>，冬季的後續力較差。
28	noun.time	Nd	1867	冬	時間詞。一年四季中的第四季。	<冬>去春來後，它又長出新芽，一片翠綠，非常好看。
28	noun.time	Nd	1868	午間	時間詞。中午時段。	這篇論文分析了國內電視<午間>及晚間新聞共三十六個報導。
28	noun.time	Nd	1869	午後	時間詞。中午過後。	如果多事的白頭翁喜歡在夏日的<午後>增添一些生氣，又何妨？
28	noun.time	Nd	1870	滿清	時間詞。中國朝代名，西元1636年至西元1912年，清太宗皇太極所建。	<滿清>以後，中國國力衰退，西方的鎗炮打垮了中國人的信心。
28	noun.time	Nd	1871	殷	時間詞。中國朝代名，西元前1600年至西元前1046年，由商湯所建立。	公元前十二世紀，中國<殷>末周初採用二十八宿劃分天區。
28	noun.time	Nd	1872	少時	時間詞。人年輕時期。	整體而言，<少時>自我成長面臨的是情愛關。
28	noun.time	Nd	1873	兒時	時間詞。兒童時期。	他們幾個是<兒時>的玩伴，感情很好。
26	noun.state	Nd	1874	冥冥之中	時間詞。可感知卻無法明確描述的狀態。	人類所知其實微乎其微，<冥冥之中>，是否真有一股未知的力量推動人間前進？
28	noun.time	Nd	1875	以前	時間詞。在時間參考點之前的時段。	議員的教育程度普遍比<以前>提高，素質有改進，但問政態度就未必有所改進。
28	noun.time	Nd	1876	夙	時間詞。天剛亮到八、九點的時間。	<夙>晨下所綻放的影子，雨紛飛，那是我想你的眼淚。清晰的思念縈繞在我身邊。
28	noun.time	Nd	1877	晚上	時間詞。太陽下山後到太陽出來前的時間。	那天<晚上>，李文秀發著高燒，小臉蛋兒燒得血紅，說了許多胡話。
28	noun.time	Nd	1878	日	時間詞。太陽升起到太陽下山的時間。	好好吃一頓飯，歡喜喝一碗茶，<日>喜樂無惱，夜安眠無夢。
28	noun.time	Nd	1879	後	時間詞。將有時間順序的事件分成兩部分，指在參考點之後的部分。	它常常先給人痛苦，<後>給人快樂。
28	noun.time	Nd	1880	前	早於現在或前述事件的時段。	<前>兩天太忙，睡得很晚，昨天又淋了一身雨，想不到就發燒。
28	noun.time	Nd	1881	朝	時間詞。早晨。	當然這個期望不是<朝>學琴棋書畫，暮讀經史子集。
28	noun.time	Nd	1882	以後	時間詞。晚於現在或前述事件的時段。	古人教養子女往往只到十五歲，<以後>則要靠老師來教。
28	noun.time	Nd	1883	後	時間詞。未來的時間。	「不想前，不想<後>，只想高級化前」，那是黃金時代。
28	noun.time	Nd	1884	剎那間	時間詞。極短的時間。	握在手中那四枚原是冰冷的銅板，<剎那間>化成了一股熱流。
28	noun.time	Nd	1885	前	時間詞。比喻在時間參考點之前的時段。	向景德鎮直接訂貨，所購瓷器質量皆較<前>佳。
28	noun.time	Nd	1886	現	時間詞。說話者所在的時間參考點。	小英今年六歲多，<現>就讀於國民小學一年級。
28	noun.time	Nd	1887	昨天	時間詞。說話者所在的時間參考點的前一天。	我<昨天>好像去參加了一次小小的聯合國之夜。
28	noun.time	Nd	1888	後	時間詞。過去。常與「看」連用。	一個現代人呢，如果能夠瞻前又顧<後>，喜新的話也不要厭舊。
28	noun.time	Nd	1889	剛剛	時間詞。過去不久的時間。	那兒有幾盆水，是<剛剛>別人才洗過的，還是熱熱的，拿去用吧！
26	noun.time	Nd	1890	永久	時間詞。長久持續的時間。	我要和你一起手牽手，健康快樂，直到<永久>。
28	noun.time	Ng	1892	後	晚於特定參考時間點或事件。	自十多年前首次登台<後>，更決意全心投入舞蹈。
28	noun.time	Ng	1893	以後	晚於特定時間參考點或事件。	南北朝<以後>，書畫脫離政教，強調個性與性靈，而有山水寫意等之表現。
28	noun.time	Nd	1894	後	晚於現在或前述事件的時段。	謝明仁以汽油彈燒黃某工廠示威，<後>經雙方討價還價以五十萬元成交。
28	noun.time	Na	1895	時	普通名詞。一個平均太陽日的二十四分之一。	因為這是我們累積了秒、分、<時>、日、月的辛苦所得，所以特別珍惜。
3	noun.quantity	Na	1896	數位	普通名詞。一個數中每個數目字所佔的位置。	小數部分的各個<數位>，從左向右順序:十分位，百分位，千分位，萬分位。
3	noun.communication	Na	1897	圈子	普通名詞。一個由人際關係、社會活動、職業或勢力所限定的抽象範圍。常用接尾詞。	許多人，包括我生活<圈子>裡的一些人也都這樣問我。
28	noun.time	Na	1898	天	普通名詞。一天當中的特定時段。	這一群在這裡還要遊蕩幾日，不會馬上走，但今天<天>已晚了。
23	noun.artifact	Na	1899	住房	普通名詞。一家人可以居住的建築單位。	僅寧鄉縣就拆了十五萬間茅屋，占全縣五分之一的<住房>。
28	noun.time	Na	1900	季節	普通名詞。一年中依氣候變化以三個月為一等分的固定時段。	啊！秋天真是個美好的<季節>！
28	noun.time	Na	1901	期	普通名詞。一段時間。	第二季之淨利相較去年同<期>成長百分之四十一，營業額達七十四億。
6	noun.communication	Na	1902	毒	普通名詞。一種不斷自動複製的電腦程式，通常會破壞被感染的電腦。	只要購買我的防火牆，包你百<毒>不侵。
4	noun.act	Na	1903	躲貓貓	普通名詞。一種參加遊戲的人躲起來讓一個被指定的人去尋找的遊戲。	小孩子和家裡養的狗玩或和鄰居玩<躲貓貓>。
6	noun.artifact	Na	1905	湯匙	普通名詞。一端有凹槽的有柄器具，用來舀取飲食食用。	我端<湯匙>筷子匙品嚐，湯中吃得出師傅精心設計的繁複調味。
6	noun.artifact	Na	1906	匙	普通名詞。一端有凹槽的有柄器具，用來舀取飲食食用。常用接尾詞。	她用銀<匙>喝湯。
6	noun.artifact	Na	1907	勺	普通名詞。一端略呈半球形的有柄器具，用來舀取流體食物。	以上食品連同煮菜的湯，加少許米煮沸，用<勺>攪動兩三次，再用小火燜。
18	noun.person	Na	1908	伴侶	普通名詞。一起工作、生活或旅行的對象。	要把平輩當做互助互惠的<伴侶>，而不是比高比低的對手。
3	noun.state	Na	1909	命	普通名詞。上天所給予人的生死、福禍等遭遇，人力不能改變。	我從小過著苦日子，沒有讀書的<命>。
7	noun.state	Na	1911	短	普通名詞。不夠好的特質。	他雖翻開泥土看出了破綻，卻只說了一句，「番薯排列得像軍隊那樣整齊」，沒有公開揭主人的<短>。
4	noun.state	Na	1912	岔	普通名詞。不適當或不正確的內容或行為。	可能是地方性用語的差別吧，或者是轉譯的問題，好些字出了<岔>。
5	noun.animal	Na	1913	狗	普通名詞。中國十二生肖之一，排在第十一位。	有些單位在招聘中明確表示不招聘屬<狗>的人，因為明年是<狗>年。
5	noun.animal	Na	1914	豬	普通名詞。中國十二生肖之一，排在第十二位。	隨著乙亥「肖<豬>」年的春天，台灣司法界似乎也沾染破繭蛻變的氣息。
5	noun.animal	Na	1915	兔	普通名詞。中國十二生肖之一，排在第四位。	揮別多事之秋的「虎」年，迎接煥然一新的「<兔>」年。
10	noun.communication	Na	1916	宮	普通名詞。中國古代五音之一。	燕樂的<宮>商角羽四調，並非同均同<宮>之下。
10	noun.communication	Na	1917	逗	普通名詞。中文標點符號之一，用於分開句子內的各段落，以表示停頓。	我學書法，也曾不止一次地臨寫這個帖，也曾對這7個字的句<逗>感到困惑。
10	noun.communication	Na	1918	漢	普通名詞。中華民族的主要通用語文，為中國大陸、臺灣、新加坡的官方語言。	這個名詞在西元一七三四年收錄進牛津英<漢>大辭典，成為正式的單字。
14	noun.cognition	Na	1919	中華	普通名詞。中華民族的文化。	妳是臺灣來的，一定會<中華>料理，妳可不可以教我？
9	noun.cognition	Na	1920	題	普通名詞。事件內容的中心思想。	生活富裕是會使人懶散，不知惜福的，也許岔了些<題>，但都是些有感情的話。
10	noun.event	Na	1921	根本	普通名詞。事件發展的基礎。	中國人的家族觀念很重，認為齊家是治國、平天下的<根本>。
28	noun.time	Na	1922	時	普通名詞。事件發生的時間。	難說不會小<時>偷蕃薯，大<時>偷牽牛。
10	noun.cognition	Na	1923	為什麼	普通名詞。事件的原因或理由，表疑問之意。	我有十萬個<為什麼>，但是沒人能解答。
10	noun.cognition	Na	1924	怎的	普通名詞。事件的原因或理由，表疑問之意。常用「不知怎的」。	天空好藍，行道樹開滿了木棉花，不知<怎的>我很有把握男孩會再見到他的母親。
9	noun.cognition	Na	1925	事實	普通名詞。事件的真實情況。	<事實>上，喬家大院真正的主人並不是過著影片中那種封閉生活。
11	noun.event	Na	1926	頭	普通名詞。事件的開始。	思想改革要從<頭>開始。
9	noun.cognition	Na	1927	面	普通名詞。事件被觀察到的情況或範圍。	父親代表正義的一<面>，母親代表慈愛的一<面>。
9	noun.cognition	Na	1928	根據	普通名詞。事件遵循的基礎。	這個說法有點玄，但也不是毫無<根據>。
11	noun.event	Na	1929	變	普通名詞。事物在形態上或本質上產生新的狀況。	尼采認為「精神有三<變>」，精神是心靈的表現，它有三種變化。
3	noun.quantity	Na	1930	數量	普通名詞。事物數目的多寡。	紅尾伯勞是秋天由臺灣過境或到臺灣過冬的候鳥，南部的<數量>遠比北部多。
7	noun.attribute	Na	1931	樣	普通名詞。事物的型態、風格。	想想看自己平常習慣穿什麼<樣>的鞋子和衣服？
11	noun.event	Na	1932	結束	普通名詞。事物的最終部份或階段。	他以臺大外文系應屆畢業學生臨別贈言中的一段話，作為本文的<結束>。
4	noun.relation	Na	1933	關連	普通名詞。事物相互之間發生的關係和影響。	業務一定與其他機關發生工作<關連>，並且尚有國民問題、業界問題、司法問題等。
11	noun.event	Na	1934	果	普通名詞。事物經發展變化後的最後狀況。	地域觀念本來是前面所說的<果>，如果再仔細分析，這個果又成了另外一件事的因。
18	noun.person	Na	1935	朋友	普通名詞。互相熟識或有交情的人。	有一些<朋友>，有錢之後就像失去了追求的目標。
17	noun.object	Na	1936	金	普通名詞。五行之一，中國視為構成萬物的基本元素之一。	除了上述說法，「<金>木相剋」也是當地居民深信不疑的常理。
15	noun.group	Na	1937	東	普通名詞。亞洲國家。	原來藝術並無<東>西之分，只有優劣。
28	noun.time	Na	1938	丁	普通名詞。人一生中最壯盛的時期。	一個人究竟歲歲才是丁年呢？歷史上有沒有一個統一的規定呢？那是有的。古代四十曰<丁>。隋代二十一歲為<丁>，唐代天寶年間定為二十三歲。
28	noun.time	Na	1939	年代	普通名詞。人一生中的特定時段。	學生<年代>一去不復返了。
23	noun.food	Na	1940	餐	普通名詞。人們在約定俗成的固定時間所吃的食物。	其實醉翁之意不在酒，<餐>是附帶，看晚宴秀倒是真格的。
9	noun.Tops	Na	1941	意識	普通名詞。人對外界的知覺。	這位老人已經中風多次了，他的<意識>也已經陷入痴呆的狀態，但是他兒子對他照顧得無微不致。
6	noun.artifact	Na	1942	建築物	普通名詞。人工建造的供人類活動的房屋。	政大的男廁都躲在<建築物>內，一到假日，全部上鎖。
7	noun.attribute	Na	1944	貌	普通名詞。人或動物的外表相貌，特指臉部外觀。	<貌>似金城武的歹徒暴力討債恐嚇婦。
7	noun.attribute	Na	1945	容	普通名詞。人或動物臉上的表情或氣色。	母女兩人雖然遭遇病魔的威脅，卻絲毫不顯露出悲觀的哀<容>。
10	noun.Tops	Na	1946	名字	普通名詞。人所取的用來代表特定種類的事物的指稱。	在西方，瓷器的<名字>就叫「中國」。
10	noun.cognition	Na	1947	魂	普通名詞。人死後的鬼魂。	她和緩的、徐徐的像唱一首優美的安<魂>進行曲。
15	noun.location	Na	1948	土	普通名詞。人的出生地或生長地。	超自以久在絕域，年老思<土>。
9	noun.Tops	Na	1949	精神	普通名詞。人的意識。	他不像八大山人那樣，出家後仍然悲憤難抑到幾近<精神>失常的地步。
9	noun.state	Na	1950	情況	普通名詞。人的生理、心理或生活狀態。	多吃一點，可以幫助改善你的<情況>。
14	noun.cognition	Na	1951	分	普通名詞。人的社會地位。	我不禁懷念以前的傳統社會裡，黎明即起，灑掃庭除，男有<分>，女有歸的生活。
7	noun.attribute	Na	1952	臉色	普通名詞。人臉上的神情，通常反映其心情。	他始終沒給我好<臉色>看。
8	noun.body	Na	1953	屁	普通名詞。人與臉相反方向腰部以下大腿以上的部位，或其他動物的相對部位。	章子怡海灘露奶摸<屁>偷拍流出。
8	noun.body	Na	1954	足	普通名詞。人類下肢和動物肢體，用來移動。	突然之間，前<足>提起，長嘶一聲，牠嗅到了一股特異的氣味。
18	noun.person	Na	1955	後	普通名詞。人類代代繁衍出的子孫。	他可能是鮮卑族而不是漢族之<後>。
9	noun.cognition	Na	1956	術	普通名詞。人類在生產或勞動過程中所累積的經驗和知識。	數位資料整理<術>讓工作效率更加倍。
17	noun.location	Na	1957	地	普通名詞。人類居住行走的地方。	我們國家歷史悠久，<地>大物博，主意就往這兒打。
18	noun.cognition	Na	1958	天	普通名詞。人類相信能夠控制自然界或人類命運的主宰者。	孔子五十而知天命，五十六歲周遊列國，做到「不怨<天>，不尤人。」
8	noun.body	Na	1959	俞	普通名詞。人體經脈腑臟之氣會聚的特定部位。常用接尾詞。	心<俞>位於背部第五胸椎棘突下，旁開1.5寸。
18	noun.person	Na	1960	市民	普通名詞。介於上層和下層社會之間的社會階級。	一個現代「<市民>社會」的都市計畫應該優先考量<市民>的利益及需要。
18	noun.person	Na	1961	青少年	普通名詞。介於兒童、成人間仍在青春期階段的人，約在十二歲至成年之間。	那個<青少年>進來了，也是心事重重的樣子。
11	noun.act	Na	1962	成	普通名詞。付出努力後所獲得的為眾人肯定的成果。	人才確實是需要有競爭的，不是從海外回來就叫海歸派，我們現在定義的海歸派應該是學有其<成>的人才。
7	noun.quantity	Na	1963	數字	普通名詞。代表測量對象的量。	依據各種統計<數字>，我國的人力素質，在多年來的教育建設下，已大幅提升。
6	noun.artifact	Na	1964	毒物	普通名詞。令人上癮並危害身體健康的物質。	美國有許多青年人，被引誘吸食<毒物>以後，可以看見從未見過的事物，感覺到感覺以外的幻境。
10	noun.artifact	Na	1965	記	普通名詞。以前述對象做為識別的依據。	這種在壺上留下指節紋理，就頗有藝術家的氣派了，傳說金沙寺和尚所作的壺也是以指紋為<記>。
24	noun.quantity	Na	1966	百分比	普通名詞。以化分母為一百的方式來表示的兩個數的比例關係。	中和各線中，又以木柵線落後十五個<百分比>，遙居末座，不過，已較日前施工進度有所改善。
10	noun.communication	Na	1967	言語	普通名詞。以口語媒介表達出來的訊息。	華輝也察覺自己<言語>中有了破綻，當即岔開話頭。
9	noun.cognition	Na	1968	孔子	普通名詞。以孔子為代表的儒家思想。	我們受禮<孔子>，遵從<孔子>，決不能再去學什麼"重農抑商"的治國之策。
10	noun.act	Na	1969	學	普通名詞。以學術研究為主並包括週邊相關的所有活動。	預計每周發行一萬五千八百份，預計將成為電子工業產、官、<學>、研每周必讀的刊物。
10	noun.cognition	Na	1970	文學	普通名詞。以文字創造的具有藝術價值的創作。	瑟拉博士為西班牙「戰後<文學>」最具代表的人物。
6	noun.artifact	Na	1971	鎚	普通名詞。以槌子為形象製成的人造物。常用接尾詞。	小<鎚>會發出可愛的啾啾聲，共有3種不同動物造型。
4	noun.act	Na	1972	商	普通名詞。以營利為目的的事業。	士、農、工、<商>，是人們心目中的社會定位序列。
10	noun.act	Na	1973	考	普通名詞。以特定標準來測量能力或成績的方式。	93學年度大學轉學<考>招生簡章即日起販售。
9	noun.cognition	Na	1974	哲	普通名詞。以理性輔佐證據的方式歸納出自然界的道理或知識本質的理論。	從研讀西方古典詩文的歷代經典作品入手，打破文、史、<哲>的分科，以敘述性強的原典導讀貫通西方學問史。
15	noun.location	Na	1975	圈	普通名詞。以經濟活動所定義的地理區域。常用接尾詞。	此致使高爾夫球會員權之投機需求暴增，並帶動東京<圈>附近風景觀光區的地價上揚。
10	noun.communication	Na	1976	戲	普通名詞。以言語、表情或歌舞等方式表達故事情節的表演。常用接尾詞。	唱遍所有黃梅曲調中，梁祝是她唱得最有感覺的一齣<戲>。
14	noun.group	Na	1977	園	普通名詞。以訓練學齡前兒童養成良好生活習慣及培養基本學習能力為主要目的的機構。	因為董事們均為一年一任，剛對<園>中的事務與院方關係弄清楚不久就要易人了。
10	noun.communication	Na	1978	語	普通名詞。以語音或約定俗成符號所組成的系統性溝通方式。	每一個特展都有光碟出版品，而每一張光碟都有中日英法義德西<語>七種版本。
7	noun.attribute	Na	1979	樣	普通名詞。以說話者的觀點，描述特定對象的形貌。常用接尾詞。	四十多年不見天日，能不慘白殭屍<樣>？
6	noun.artifact	Na	1980	車子	普通名詞。以車子為形象製成的人造物。	每次到了賣雞蛋糕的攤子，小威都會吵著要吃<車子>。
9	noun.act	Na	1981	責任	普通名詞。份內應該做好的事情。	面對挑戰，他自認有<責任>把華航帶到另一個境界。
14	noun.cognition	Na	1982	巴格達	普通名詞。伊拉克的文化。	此建築用木板條和石膏建成，典型的<巴格達>風格。
8	noun.body	Na	1983	心	普通名詞。位於動物胸腔，推運全身血液循環的器官。	你是否經常出現<心>痛及胸痛的症狀？
9	noun.cognition	Na	1984	佛	普通名詞。佛教的教義。	我們要把禪定之法應用在日常生活上，要學活的<佛>、活的禪。
10	noun.possession	Na	1985	本錢	普通名詞。作為計算利息基準的金錢。	我還清了<本錢>和利息，將剩餘的錢作為企業的流動資金，開始正常的事業。
18	noun.person	Na	1986	表	普通名詞。供人學習的對象。	君子應以此為處世之本，為後世效法之<表>。
15	noun.location	Na	1988	道	普通名詞。供人車通行的地方。	這關係著人如何來使用，如只是很簡單的說是「人車分<道>」的設計，這是非常稀鬆平常的設計。
14	noun.group	Na	1989	剎	普通名詞。供奉神祇或歷史上有名人物的機構，但不包括基督教。	看那文殊寺，果然是好座大<剎>。
17	noun.object	Na	1990	柴	普通名詞。供燃燒用的木材。	所謂開門七件事，就是<柴>米油鹽醬醋茶。
10	noun.communication	Na	1991	號	普通名詞。依序所定的號碼。	他透露，該委員會共印製了4508229張選票，所有選票都已被編好<號>並放入了特製的信封之中。
4	noun.relation	Na	1992	婚	普通名詞。依據法定程序所建立的婚姻關係。	她雖曾逃過幾次<婚>，但最後只能屈服。
9	noun.cognition	Na	1993	略	普通名詞。依照事件發展所擬定的因應方法。	一國如果自認為是大國，就必然要能抱著謀全局、謀萬世的心態，參悟出自己的大國之<略>。
6	noun.artifact	Na	1994	階	普通名詞。便於人往高處或低處移動的階梯。常用接尾詞。	懵懂少年獨自騎著單車來到淡水河畔，拾<階>登上觀音山頂。
4	noun.act	Na	1995	禮拜	普通名詞。信徒定期向神行敬拜禮的儀式。	牧師每個周末從新光到斯馬庫斯，周日做完<禮拜>後才回去。
4	noun.act	Na	1996	財政	普通名詞。個人或組織裡對資金管理以及現金的支出和計算等事務。	後來祥福公司<財政>有了困難，由更大胃口的「宏國」接手。
7	noun.attribute	Na	1997	性	普通名詞。個人的特有處事態度和心理特徵。	<性>剛、<性>躁、<性>直者易冒犯人，請注意哦。
7	noun.cognition	Na	1998	假	普通名詞。假的對象。	在後現代的文化中，真與<假>已經不是發問關心的角度了。
9	noun.cognition	Na	1999	方法	普通名詞。做事的步驟及技巧。	培養學生獨立讀書的習慣及正確的學習<方法>。
9	noun.cognition	Na	2000	術	普通名詞。做事的步驟或技巧。	賺錢有<術>，身體要顧以免人累得像狗。
7	noun.attribute	Na	2001	褐	普通名詞。像樹皮、泥土的顏色。	植物染材的基本色調有紅、橙、黃、綠、青、紫、<褐>、灰黑等八個系列。
18	noun.person	Na	2002	姪	普通名詞。兄弟姊妹的子女。	為<姪>的來得遲，沒得出門迎接我姨爺呢。
24	noun.person	Na	2003	孟	普通名詞。兄弟排行次序中的第一位。	按華人傳統，兄弟可依伯仲叔季或<孟>仲叔季排行。
18	noun.person	Na	2004	子女	普通名詞。兒子和女兒。	做父母的常用這句話來教訓他們的<子女>：金鑰匙，沒處找，鐵鋤頭，就是寶。
23	noun.artifact	Na	2005	卷	普通名詞。全套出版品特定部份的單位。	中國文哲研究通訊第四<卷>第一期已出版。
14	noun.Tops	Na	2006	世界	普通名詞。全體人類社會。	塑膠垃圾問題一直讓全<世界>共同感到頭痛。
9	noun.cognition	Na	2007	距離	普通名詞。兩事件的抽象間隔。	他們師生倆的想法有很大的<距離>。
4	noun.act	Na	2008	戰爭	普通名詞。兩個以上擁有軍隊的團體以持續性的武力衝突解決目的上的對立。	如果中共要發動<戰爭>，亞洲國家沒有一個可以抵擋得了。
23	noun.location	Na	2009	層	普通名詞。兩層以上的房屋其中的一層。	我和他是住同一<層>的樓友。
7	noun.shape	Na	2010	勾	普通名詞。兩條線下方端點連接、上方端點分離，形成小於180度角的形狀的符號，通常用於標記。	他每唸完一章就在表上打一個<勾>。
24	noun.relation	Na	2011	角	普通名詞。兩直線或平面相交所形成的空間。	現在要請教你，ㄆ<角>是轉動了一圈的幾分之幾呢？
6	noun.artifact	Na	2012	石	普通名詞。八音之一，中國古代石製的打擊樂器統稱。	早在兩千多年前就以材質為依據，將樂器分為金、石、<絲>、竹、匏、土、革、木等八大類。
6	noun.artifact	Na	2014	槍	普通名詞。兵器的一種，一端嵌以尖銳的金屬頭，可用以刺擊的長棍。常用接尾詞。	在聽取部隊簡報後，她們隨即觀看憲兵健兒表演刺<槍>、柔道等各項戰技操演。
6	noun.artifact	Na	2015	刀	普通名詞。兵器的一種，只有一邊是鋒利的，通常用來砍殺。常用接尾詞。	李三舉<刀>擋架，他雙肩都受了重傷，手臂無力，騰騰騰退出三步。
4	noun.attribute	Na	2016	命	普通名詞。具強制性的要求或狀況。	他們是奉兒女之<命>結婚的。
14	noun.group	Na	2017	群	普通名詞。具有共同性的人或物。	胡桃、芝麻都是富含維他命B<群>的食物。
18	noun.person	Na	2018	客	普通名詞。具有前述特質的人。常用接尾詞。	在俠<客>劫富濟貧、快意恩仇後，總是有著邪不勝正、大快人心的美好結局。
18	noun.person	Na	2019	人士	普通名詞。具有前述身份或從事前述工作的人。	廖正井表示，發行社會福利彩券目的就是為照顧殘障<人士>。
18	noun.person	Na	2020	先生	普通名詞。具有執照、能治療疾病的人。	∥我真的是請<先生>來給我兄弟看病的。他病得很厲害，請您救救他。∥你這樣對我，還敢說請我幫忙？∥
18	noun.person	Na	2021	先生	普通名詞。具有教學能力或身份的人。	在日據時代，私塾<先生>仍然偷偷上課教漢文，與日本的國語學校相抗衡。
6	noun.artifact	Na	2022	館	普通名詞。具有特定功能，供人進行特定活動的室內場所。常用接尾詞。	此次展覽的空間佈置，令人有耳目一新之感，是開<館>以來少有的新手法。
15	noun.location	Na	2023	地	普通名詞。具有特定特質所描述的，或以特定地點為參考點的範圍。	單是北京一<地>，名叫「劉淑貞」的女子就有一萬四千個。
18	noun.person	Na	2024	女生	普通名詞。具有生產後代能力的人。	在同學面前，他總愛矯揉作態，可是他對<女生>卻毫無興趣。
5	noun.animal	Na	2025	女生	普通名詞。具有生產後代能力的動物，用於寵物。	我家的妹妹是米克斯狗狗，二個月的小<女生>。
6	noun.shape	Na	2026	螺旋	普通名詞。具有螺旋紋溝槽的圓柱體，為機械設備的部件。	<螺旋>是效率極高用途極廣的機械設備的元件。
3	noun.Tops	Na	2027	物	普通名詞。具體存在的實體對象。	在百貨公司的入口，有個每日一<物>的專櫃，很多顧客都低著頭，忙著挑選。
4	noun.Tops	Na	2028	行動	普通名詞。具體表現出的外在舉止動作。	在認識別人時，言語和<行動>要配合一起觀察。
18	noun.person	Na	2029	衲	普通名詞。出家修行的男性佛教徒。	該著記錄匯集了中國禪宗發展鼎盛的唐至南宋末禪林名<衲>的行跡語錄、得道見悟之解，以入曆代禪僧所加短評、批判、讚譽詩文等。
4	noun.cognition	Na	2030	剖析	普通名詞。分析之後得到的結果。	在這場演講中老師對理論和實務經驗間的衝突，有精采的<剖析>。
9	noun.cognition	Na	2031	教	普通名詞。利用人類對於未知所產生的驚奇和敬畏心理而構成的一種信仰。	談到宗教很容易引發一種討論—到底哪個<教>比較對呢？
4	noun.act	Na	2034	旅	普通名詞。前往特定地點參觀或訪問的活動。	這次動物園之<旅>真讓我大開眼界。
26	noun.state	Na	2035	境地	普通名詞。前述事件呈現出來的狀態。	我們目前的<境地>十分危急。
7	noun.Tops	Na	2036	特性	普通名詞。前述對象具有的獨特性質。	海島台灣的地理<特性>，向來亦為學界所注意，卻迄今尚未能深入探求。
9	noun.cognition	Na	2037	謂	普通名詞。前述對象所代表的涵義概念。	當時的會談記錄如下：蔣：外蒙保持現狀，就是中國有宗主權之<謂>，絕非獨立之意。
9	noun.state	Na	2038	偉大	普通名詞。前述對象的重要性與其崇高的價值。	反過來講，你要證明愛情之<偉大>，你要能夠跟他結合，所以你一定要能夠節制你自己嘛。
6	noun.state	Na	2039	鏽	普通名詞。前述物質附著在特定物體表面所留下的痕跡。	由於浴室的濕氣重，所以常會產生讓人介意的霉斑、水垢、水<鏽>。
26	noun.state	Na	2040	面目	普通名詞。前述社群呈現出來的發展狀態。常用接尾詞。	文成公主的和親吐番的確給吐番帶去了新<面目>。
8	noun.animal	Na	2041	嘴唇	普通名詞。動物口部的外緣。	小白兔在一旁哈哈大笑，笑得<嘴唇>都裂開了。
17	noun.object	Na	2042	糞	普通名詞。動物排泄的糞便。	每天三餐裡的菜，總少不了豬兒的貢獻，但是養豬場的豬<糞>尿，卻是汙染水源的大麻煩。
17	noun.object	Na	2043	塞	普通名詞。動物排泄的糞便。常用接尾詞。	姊姊指的是那一陀<塞>嗎？是真的有點給它臭說。
7	noun.body	Na	2044	体	普通名詞。動物的生理機能。	當時英皇<體>弱抱恙，白蘭氏先生為他熬燉濃縮雞湯，作為補身之用。
8	noun.food	Na	2045	肚	普通名詞。動物的胃，通常用於食材名稱。常用接尾詞。	天氣還未轉涼，羊<肚>比較易買得到，羊<肚>湯比豬肚湯更溫和。
8	noun.animal	Na	2047	翅	普通名詞。動物的飛行器官。	白腰草鷸身長24公分，頭頸背及<翅>墨綠色，白腹綠腳。
7	noun.attribute	Na	2048	勁	普通名詞。動物肌肉運動時所產生的能量。	參賽者都十分賣力，場邊的啦啦隊也卯足<勁>的吼。
8	noun.body	Na	2050	皮膚	普通名詞。動物身體最外層，有保護作用的有機組織。	第二度傷係傷至<皮膚>內部。
8	noun.body	Na	2052	面	普通名詞。動物頭從額頭到下巴的部分。	上台當著教授的<面>捧紙宣讀他的「十大罪狀」。
17	noun.object	Na	2053	河川	普通名詞。匯集而成的流水，流經一段地區後注入另一水域中。	<河川>環境的變遷，可分為自然的及人為的變遷。
6	noun.artifact	Na	2054	毒物	普通名詞。危害身體健康的物質。	牙膏包裝上的警語：請勿吞食，並不意味著吞食牙膏即吞下<毒物>。
18	noun.person	Na	2055	勞	普通名詞。受雇從事勞動工作換取工資的人。	國際勞工組織（ILO）在國際組織中是一個僅有的政、資、<勞>三方面的組織。
4	noun.act	Na	2056	事	普通名詞。受雇從事工作的內容。	暑假兩個月不想回家，想到飯店、餐館求一份<事>做。
12	noun.state	Na	2057	福	普通名詞。可以享受許多吉祥與幸運事件的運氣。	臺灣有一句老話：「兒孫自有兒孫<福>。」指的就是這個意思。
6	noun.possession	Na	2058	能	普通名詞。可以產生能量的資源。	爭取將省<能>設備優惠提高到百分之十五的能源委員會執行秘書易洪庭說到此頗覺無奈。
10	noun.possession	Na	2059	本錢	普通名詞。可以用於營利或其他事業的資金。	今年年底的縣長選舉，他沒有準備雄厚的<本錢>，因此他只有將四年縣長薪俸所得充當選舉的經費。
7	noun.attribute	Na	2060	底	普通名詞。可以達到的限度。	∥很多比較好吃。∥不行，萬一，不過要胖就胖到<底>啊！∥
10	noun.cognition	Na	2062	據	普通名詞。可作為證明的事物。	他以在私立大專院校當助教的薪資，以此為<據>的回答。
14	noun.group	Na	2063	資料	普通名詞。可供參考的書面內容。	社會新鮮人要順利通過面談的考驗，必須事先做好<資料>收集、整理自己形象的工作。
13	noun.food	Na	2064	糧食	普通名詞。可做為食物的農產品。	本外相中山太郎今天說，日本政府計畫明年初提供蘇聯緊急<糧食>援助。
9	noun.event	Na	2065	徵	普通名詞。可推斷出特定事件的現象。	舌苔淡白，脈象沉伏為毒邪內盛，阻礙陽氣之<徵>。
6	noun.artifact	Na	2066	鍋子	普通名詞。可放入食材並烹煮或加熱該食材的器具，通常以金屬製成。常用接尾詞。	他立刻跑出來，撿起一塊大石頭，一下子就把炸豆腐的<鍋子>打碎了。
6	noun.artifact	Na	2067	槍	普通名詞。可發射子彈射擊目標的手持武器。常用接尾詞。	那男人隔幾尺屈身蹲著，這時他已把<槍>收掖在腰間了。
6	noun.artifact	Na	2069	表	普通名詞。可隨身攜帶的計時器具。常用接尾詞。	我一看<表>，已經是凌晨兩點多了。
10	noun.possession	Na	2070	約	普通名詞。各方當事人所訂立的具法律效力的文件。	他們將於下午三點舉行簽<約>儀式。
14	noun.time	Na	2071	朝	普通名詞。同一家族統治的時代。	從人類文明發展的過程，不斷地革命、戰爭、改<朝>換代證明許多領導者不被接受而遭趕下台的命運。
18	noun.group	Na	2072	同志	普通名詞。同性戀。	<同志>族群在社會上仍是相當弱勢的一群，急需政府相關單位的重視。
18	noun.person	Na	2073	姐	普通名詞。同父或同母生的女子，先出生者。	大妹的初中畢業典禮，我這個做<姐>的當然是感慨萬分。
18	noun.person	Na	2074	妹妹	普通名詞。同父或同母生的女子，後出生者。	鄉村多拾舊習，做弟弟的要穿哥哥的舊衣物，做<妹妹>的要穿姐姐的，衣服沒有什麼流行不流行。
18	noun.person	Na	2075	哥	普通名詞。同父或同母生的男子，先出生者。	做<哥>的人要讓弟弟。
14	noun.person	Na	2076	弟兄	普通名詞。同父或同母生的男子，先出生者為兄，後出生者為弟。	我真不解自家的<弟兄>何必這樣斤斤計較。
18	noun.person	Na	2077	弟弟	普通名詞。同父或同母生的男子，後出生者。	當<弟弟>的人要會撒嬌與任性。
18	noun.person	Na	2078	姐	普通名詞。同輩而年紀比自己大的女子。	∥以前都叫我小妹！可是現在都叫我小妹<姐>了。∥
18	noun.person	Na	2079	哥	普通名詞。同輩而年紀比自己大的男子。常用接尾詞。	很幸運和大武<哥>同個宿舍近一年的時間，不很短暫也不漫長，不知道這是我的幸運或者不幸。
4	noun.quantity	Na	2080	對比	普通名詞。同類的兩數量相除的結果。	班上男女生的<對比>是二比三。
4	noun.state	Na	2081	排行	普通名詞。名次。	到二000年，台灣的<排行>已經晉升至第四位。
18	noun.person	Na	2082	學生	普通名詞。向具有特定專長的人學習的人。	才藝班<學生>必須是中文班<學生>，依<學生>選擇志願優先順序，或年齡予以編班。
6	noun.artifact	Na	2084	棒	普通名詞。呈圓柱狀的長條器具。常用接尾詞。	老人托住另一端，米篩下垂的一邊縛著根小<棒>。
6	noun.artifact	Na	2085	杆	普通名詞。呈細長圓柱狀的長條器具，長度通常長於成人的身高。常用接尾詞。	植物繁殖後代除了用種子之外，最常見的就是使用插<杆>繁殖。
17	noun.object	Na	2086	氣	普通名詞。呼吸時進出呼吸器官的氣體。	看見沒有人尾隨我們而鬆了一口<氣>。
8	noun.body	Na	2088	乳	普通名詞。哺乳動物為了哺育後代而產生的乳汁。常用接尾詞。	從牛出<乳>，從<乳>出酪，從酪出生酥，從生酥出熟酥，從熟酥出醍醐。
18	noun.person	Na	2089	客戶	普通名詞。商業活動中以金錢換取商品或服務的人。	一般來說，壽險公司的業務代表，都會視投保<客戶>的情況設計契約內容。
10	noun.possession	Na	2090	利益	普通名詞。商業行為中扣除成本後所賺的錢。	該公司營業<利益>為十億七千八百六十二萬餘元。
7	noun.cognition	Na	2091	興趣	普通名詞。喜好並想要深入瞭解特定對象的感覺。	那時英國因為獎學金很少，有<興趣>留英的人並不多。
11	noun.act	Na	2092	令	普通名詞。喝酒時一種助興的遊戲。	喝酒行<令>，是有中國特色的助興方式，其基本規則就是輸的一方喝酒。
12	noun.cognition	Na	2093	味	普通名詞。嘴巴嚐特定物質所得到的感覺。	他燒的恐怕不是色香<味>俱全的中國料理。
7	noun.location	Na	2094	足	普通名詞。器物下半部支撐器物使之懸空的部份。	桌案類最常用的接合方式，四<足>在頂端出榫，與案面底面的卯眼結合。
14	noun.cognition	Na	2095	川	普通名詞。四川的文化。	隨著阿義師在成都尋味之旅的腳步，帶領讀者一步步認識<川>菜發源地的文化背景與城市個性。
4	noun.phenomenon	Na	2096	震	普通名詞。因地底的活動所引起的地殼震動。	上安裝儀器，以量測安裝各種隔<震>消能裝置之直體結構的反應。
12	noun.state	Na	2097	心情	普通名詞。因外界刺激而引發的特定心理狀態。	你想想，漢人在蒙古人統治之下他們<心情>會好嗎？
4	noun.act	Na	2098	罪	普通名詞。因犯錯而需承擔的處罰。	二千年前，羅馬總督彼拉多，在判處耶穌死刑後，拿水在眾人面前洗手，說：流這義人的血，<罪>不在我，你們承擔吧！
4	noun.act	Na	2099	過	普通名詞。因犯錯而需承擔的責任。	如果真是如此不堪一擊，是誰之<過>？
24	noun.relation	Na	2100	情誼	普通名詞。因相互往來而建立出的人際關係。	蘇菲為了五年的師生<情誼>及三年的愛情，付出了一生的青春歲月。
10	noun.possession	Na	2101	稅	普通名詞。國家依照規定向特定對象徵收的金錢。	在節約能源的考量前提下，三千西西以上的小客車並未列入降<稅>項目中。
14	noun.group	Na	2104	兵	普通名詞。國家或其他政治實體所設置的武裝組織。常用接尾詞。	當潘美、楊業撤軍至朔州南面的狼牙村時，遼<兵>已攻陷寰州。
14	noun.group	Na	2105	流	普通名詞。團體中因理念相同或風格相近而形成的小團體。	柯遠芬之<流>蔣氏走狗，犯下滔天罪行呢？
10	noun.act	Na	2106	記錄	普通名詞。在一定的時間和範圍限制下所創造的最佳成績。	失業率也打破<記錄>﹐創下百分之十三點七新高。
24	noun.relation	Na	2107	分	普通名詞。在事件中發生作用的人際關係。	最後的結論，我以兩句話來作結，就是「命往緣中運，緣守命中<分>」。
7	noun.attribute	Na	2108	紅	普通名詞。在光譜一端的顏色，後面緊接橙色，像鮮血、蘋果、春聯的顏色。	他在牆上塗上不同的色彩，有藍、有<紅>、有綠，真是五彩繽紛。
10	noun.score	Na	2109	分	普通名詞。在分配的事物中所取得的一分。	這組織的勢力分布很廣，黑白兩道他們都有一<分>。
14	noun.person	Na	2110	同仁	普通名詞。在同一機關團體工作的人。	第473期院週報刊出余淑美副研究員的建言，說出許多<同仁>的心聲，令人感奮。
14	noun.group	Na	2111	龍頭	普通名詞。在同類團體中起帶頭作用的團體。	這所號稱臺灣醫界<龍頭>老大的醫院，五十年前為了避戰禍，曾遷居到風景優美的桃園。
18	noun.person	Na	2112	王	普通名詞。在同類對象中最顯著且帶有男性特質的特定對象。	上帝已經派我作百獸之<王>，連你也得歸我管。如果你傷害我，上帝會要了你的命。
18	noun.person	Na	2113	俘	普通名詞。在戰爭中抓到的敵人。常用接尾詞。	他曾在上周公開對虐<俘>作出嚴厲譴責，認為這是一種對人類尊嚴無法忍受的公開侮辱。
11	noun.act	Na	2114	仗	普通名詞。在戰爭的過程中，敵對軍隊間的一次武力衝突。常用接尾詞。	在東晉方面，原以為必敗的一<仗>，竟然打贏了。
6	noun.artifact	Na	2115	杆	普通名詞。在撐竿跳或跳高比賽中用來決定選手跳過的高度的橫竿。常用接尾詞。	滾式跳法曾盛行多年，1923年，蘇聯人沃洛佐夫採用了一種身體俯臥過<杆>的技術。
6	noun.artifact	Na	2116	撐竿	普通名詞。在撐竿跳比賽中所使用的有彈性的細長棍子。常用接尾詞。	大部份選手只懂得拿著<撐竿>就跳，對技術並不講究，這樣當然不會進步。
7	noun.relation	Na	2117	高階	普通名詞。在特定分類標準中的高層。	某些學校允許學生在英文達到<高階>時，可以同時選修一些正式課程。
19	noun.phenomenon	Na	2118	天	普通名詞。在特定區域和時間內，多種氣象要素綜合顯示的大氣狀況。	注意保暖：尤其<天>冷時，對四肢手腳的保暖，要特別小心。
28	noun.time	Na	2119	課	普通名詞。在特定學校系統中上課的固定時間單位。	星期三，據說只有上午4節<課>，下午是美好的放空狀態。
14	noun.communication	Na	2120	課	普通名詞。在特定學校系統中依照學術領域區分的學生修習課程的單位。	當時，很多學校都紛紛開了遊泳<課>，但後來又慢慢地停了。
17	noun.quantity	Na	2121	需要	普通名詞。在特定時間、市場，依特定價格而獲得滿足的商品量。	當<需要>不變但供給減少時均衡價格會上漲。
4	noun.act	Na	2122	砲	普通名詞。在特定競賽中具有力量的進攻。常用接尾詞。	面對羅迪克泰山壓頂<砲>發球，幾乎所有對手都神經緊繃，羅迪克發球得分率高達4成5。
14	noun.group	Na	2123	類	普通名詞。在特定範圍中具有共同特徵的小範圍的單位。常用接尾詞。	國際經濟<類>、農業經濟<類>從缺。
18	noun.person	Na	2124	王	普通名詞。在特定領域裡表現傑出且具有權威的男子。	他喜愛唱歌，老朋友封他為歌<王>。
11	noun.act	Na	2125	牢	普通名詞。在監獄中服刑的事件。	如果坐上五六年的<牢>，就等於把這個孩子毀了。
9	noun.state	Na	2126	名聲	普通名詞。在社會上流傳的評價。	拜電腦王國的<名聲>之賜，臺灣病毒「土產外銷」之說如今甚囂塵上。
10	noun.attribute	Na	2127	行	普通名詞。在社會中所擔任的職務，通常為其身份認定的依據。	爸爸一直希望我們三兄弟有一個能去學醫，不過我們都走了別<行>。
18	noun.person	Na	2128	龍頭	普通名詞。在組織或團體中肩負領導責任的人。	網協改選，群雄逐鹿，孫道存問鼎<龍頭>挑戰大。
17	noun.location	Na	2129	崗	普通名詞。地勢較低而平的坡地。	<崗>上人們在跑步，傍晚的月光下，左邊來右邊去，一圈一圈。
28	noun.time	Na	2130	年	普通名詞。地球環繞太陽一周所需的時間。	vasivas意指新年的即將來臨及<年>的輪替。
28	noun.time	Na	2131	日	普通名詞。地球自轉一周所需的時間。	工作性質是在dBase上建書目資料，待遇則是按<日>計酬。
17	noun.object	Na	2132	泥土	普通名詞。地面砂泥等混合的固態物。	他就是喜歡這裡<泥土>的味道、綠林的擁擠，僅有一個人的世界。
6	noun.location	Na	2133	墳	普通名詞。埋葬死者的場所。	他已經八十五歲了。三個月前回到陝西鄉下老家祭父母的<墳>以一償宿願。
14	noun.group	Na	2135	警方	普通名詞。執行法令，維持公共秩序、保護社會安寧的單位。	對於梗枋漁港憲警衝突事件，軍方與<警方>說詞有出入。
10	noun.cognition	Na	2136	版面	普通名詞。報章雜誌每一頁所佔的空間範圍。	到現在，林照真要為女性議題爭取上<版面>的機會時，還是會用一點小技巧，包括交稿快一點、寫有趣點。
10	noun.cognition	Na	2137	臺	普通名詞。場面。	圍觀的小朋友不服輸地拆真俊的<臺>，並解說怎樣用障眼法讓硬幣神不知鬼不覺地從杯身飛過杯口。
11	noun.feeling	Na	2138	劫	普通名詞。外在因素所引起的傷害與苦難。	聖誕節對郵差人員來說也許是聖誕<劫>，郵件堆積如山。
14	noun.group	Na	2139	列	普通名詞。多個特定對象排列成行或成列的集合體。	倏然，一汪水丘脫<列>而出，上沿倒捲著一溜溜千變萬化的琉璃飛簷，擠軋排馭。
14	noun.group	Na	2140	會	普通名詞。多數人為特定目標的聚集。	李金璋議員及居民代表多位列席參加，<會>中決定成立小組原則並至現場垃圾掩埋現場勘查。
7	noun.attribute	Na	2141	彩	普通名詞。多種的顏色。	自行車需求走向輕、<彩>、小、變，各種變速車、山地車銷售，將明顯活躍。
17	noun.object	Na	2142	明星	普通名詞。夜晚天空中閃爍發光的天體。	當他夜睹<明星>時，終於覺悟了宇宙真理，證真成道。
14	noun.group	Na	2143	公眾	普通名詞。大多數的人。	電視不應該成為<公眾>認識、關心社會的唯一管道，因為它太簡化問題，把事情戲劇化。
14	noun.group	Na	2145	中	普通名詞。大學中教授中文知識的教學研究單位。中文系所的簡省。	作者在大學修讀<中>日兩系，畢業後開始了寫小說的念頭。
14	noun.group	Na	2146	哲	普通名詞。大學中教授哲學知識的教學研究單位。哲學系所的簡省。	我竟然在大<哲>盃開始前生病，然後就是頭疼、喉嚨疼，真慘！
14	noun.group	Na	2147	數	普通名詞。大學中教授數學知識的教學研究單位。數學系所的簡省。	我叫黃韻瑩，<數>96。∥<數>96，我的學號，我不太知道。
14	noun.group	Na	2148	日文	普通名詞。大學中教授日文知識的教學研究單位。日文系所的簡省。	如果這兩所學校都申請上了，我還是最想念淡江<日文>。
14	noun.group	Na	2149	法律	普通名詞。大學中教授法律知識的教學研究單位。法律系所的簡省。	如同一般校園裏，森林和國貿，化學和<法律>，各自有自己的系館。
14	noun.group	Na	2150	理	普通名詞。大學中教授物理知識的教學研究單位。物理系所的簡省。	第一次「雙十校友餐會」，就在程知方學長（<理>89級）、吳華書學長（材料90級）、邱宗勇學長（原科93級）、陳洸艟學長（輻生95級）、陳建瑞教授、周卓煇教授與大家的熱烈參與下圓滿結束。
14	noun.group	Na	2151	英文	普通名詞。大學中教授英文知識的教學研究單位。英文系所的簡省。	台灣第一位盲人<英文>博士陳國詩，這學期在慈濟大學教英語，每次上課得帶點字機和盲用電腦。
14	noun.group	Na	2152	體	普通名詞。大學中教授體育知識的教學研究單位。體育系所的簡省。	今天讓我看到<體>一乙的另外一面，大家辛苦了！
9	noun.attribute	Na	2153	智慧	普通名詞。天生的聰明才智。	有個兩歲女童智慧高達152，比霍金更聰明(霍金為140以上)。
17	noun.object	Na	2155	日	普通名詞。太陽發出的光和熱。	直到幽居牢獄，研讀華嚴經讀到「我應如<日>普照一切不求恩報」時他才有了悔悟。
17	noun.object	Na	2156	地	普通名詞。太陽系的第三顆行星。	美國天文學家認為，太陽系中的行星遠遠不只我們知道的9顆，還有12到14顆行星隱藏在太陽系、萬倍於<地>距離的邊緣地帶。
6	noun.substance	Na	2157	廢物	普通名詞。失去原有使用價值的物品。	在日常生活，有許多<廢物>都有利用價值，然而大家卻忽視了，真是可惜。
18	noun.person	Na	2158	夫	普通名詞。女子在婚姻關係中的配偶。	為<夫>的應該照顧妻與嬰孩、互相體諒。
18	noun.person	Na	2159	婆	普通名詞。女子對丈夫的母親的指稱。	三代同堂理論上立意很好，實行上卻有待觀察，畢竟<婆>與媳關係不若親母女。
18	noun.person	Na	2160	公公	普通名詞。女子對丈夫的父親的指稱。	薛斌的<公公>是大名鼎鼎的「麒麟童」周信芳。
11	noun.event	Na	2161	好朋友	普通名詞。女子月經來潮的事件。	巧克力讓你每月不再鬧情緒;與“<好朋友>”交朋友。
10	noun.communication	Nb	2162	撲	普通名詞。姓。	老先生姓<撲>，叫<撲>虎，曾是一個有名的私塾學堂的教書先生。
18	noun.person	Na	2163	媽媽	普通名詞。子女對生育自己的女子的指稱，或指在家庭關係中扮演母親角色的女子。	玉鐲是<媽媽>給的，除了這隻玉鐲，已沒有紀念<媽媽>的東西了。
18	noun.person	Na	2164	爸爸	普通名詞。子女對生育自己的男子的指稱，或指在家庭關係中扮演父親角色的男子。	每天她<爸爸>都會叫她把功課做完，才肯讓她來我這裡幫忙。
10	noun.communication	Na	2165	音	普通名詞。字的音讀。	念詩時，與平時講話不一樣，要慢慢的把<音>拉長，為什麼要拉長？要拉多長？稍後還會談到。
10	noun.communication	Na	2166	博士	普通名詞。完成後可以得到博士學位的學程。	結婚二三年後，當他赴英攻讀<博士>時，太太竟然紅杏出牆，終而宣告仳離。
10	noun.communication	Na	2167	料	普通名詞。寫作或講話的題材。	審慎擇取文<料>，宜自日常生活中取材。
4	noun.act	Na	2168	箭	普通名詞。射箭的技術。	阿煇8年前為了健康開始練<箭>，一學就上癮。
18	noun.person	Na	2169	明星	普通名詞。專指演藝人員。	漂亮的女<明星>總是能得到觀眾特別的垂青。
14	noun.group	Na	2170	師院	普通名詞。專門培養小學師資的獨立學院。「師範學院」的簡省。	國立臺南<師院>第七屆振鐸文學獎，昨天評審結果出爐。
18	noun.person	Na	2171	媽	普通名詞。對中老年女性僕人的稱呼。常用接尾詞。	皇帝們自一出生就離不開宦官了，他們離開乳<媽>的懷抱後，就由宦官撫養，跟著宦官學習說話、走路、行禮，甚至由宦官教授文化。
10	noun.artifact	Na	2172	紀錄片	普通名詞。對事實作紀錄報導的影片。	她在納粹時代受希特勒任命為閱兵大典<紀錄片>總監，拍攝出影壇嘆為觀止的《意志的勝利》。
9	noun.cognition	Na	2173	理論	普通名詞。對事物提出的看法或解釋。	我對於我的美眉<理論>要有新的一個進度，以下是我的<理論>。
18	noun.person	Na	2174	姪	普通名詞。對兄弟姊妹的子女的指稱。	齊央嫁來杞一個小國，就帶上了兩個媵妾，每個媵妾又有一<姪>一娣。
18	noun.person	Na	2175	姐	普通名詞。對同父或同母所生並比自己先出生的女子的指稱。	只要你能比得上兄<姐>，萬種禮物任你選。
18	noun.person	Na	2176	哥	普通名詞。對同父或同母所生並比自己先出生的男子的指稱。	<哥>，你明天可以載我去機場嗎?
18	noun.person	Na	2177	弟弟	普通名詞。對同父或同母所生並比自己後出生的男子的指稱。	舜有個同父異母的<弟弟>，名叫象。
18	noun.person	Na	2178	夫	普通名詞。對女子在婚姻關係中的配偶的指稱。	你不要胡鬧好不好？人家是有<夫>之婦哇。
18	noun.person	Na	2179	婆	普通名詞。對有孫子的女子的指稱。	身分是祖輩而實際年齡又沒那麼老的女性，不喜歡被叫"<婆>"。
18	noun.person	Na	2180	公公	普通名詞。對有孫子的男子的指稱。	你要乖一點不可以惹<公公>奶奶生氣。
18	noun.person	Na	2181	姪	普通名詞。對朋友的子女的指稱。	對了，賢<姪>啊，上個月我挖走了你的經理，真是不好意思啊。
9	noun.cognition	Na	2182	想	普通名詞。對特定事件的看法或願望。	她突發奇<想>要穿上婚紗陪老公走紅地毯，為此還推掉了那份主持工作。
9	noun.cognition	Na	2183	看法	普通名詞。對特定事物的認識見解。	他所處的戰國時代比春秋時代更為混亂，各家各派對人性的<看法>極為不同。
9	noun.attribute	Na	2184	影響	普通名詞。對特定對象所產生的作用。	聽說本書出版後對您的生活造成一些<影響>。
9	noun.cognition	Na	2185	調	普通名詞。對特定對象持有的看法。	民主派議員終將難免有人改絃易<調>。
18	noun.person	Na	2186	室	普通名詞。對男子在婚姻關係中的配偶的指稱。	千歲因膝下缺嗣，欲娶偏<室>。
10	noun.communication	Na	2187	回答	普通名詞。對發問內容所給的回應。	如果有人問我心情如何我的<回答>是不僅依依不捨，而且心存感激。
9	noun.cognition	Na	2188	物	普通名詞。對聽話者而言特定事物內部所代表的意義或價值。	打網誌如果言之沒有<物>就會覺得很空虛。
18	noun.person	Na	2189	公公	普通名詞。對與祖父年紀相仿的一般年長男子的尊稱。	我去海邊,看到一位<公公>牽著婆婆的手，沿著岸走。
18	noun.person	Na	2190	看倌	普通名詞。對觀眾與讀者的稱呼，通常用於戲曲、話本和章回小說中。	請<看倌>們先喝口水，休息一下，讓小弟我為您娓娓道來：個人金融部誕生，為因應金融商品多元化，及擴大雙重優惠房屋貸款。
9	noun.cognition	Na	2191	回憶	普通名詞。對過去事件的記憶，通常指發生時間較久遠的事件。	而今，這些裝滿童年<回憶>的童玩，也只有躺在抽屜裡了！
6	noun.artifact	Na	2192	眼	普通名詞。小孔。	櫃子被鑽出了一個<眼>，雖然黑咕隆冬看不清楚，但一個刀尖似的東西像是扎進來了。
18	noun.person	Na	2193	兒童	普通名詞。小孩的總稱，通常指12歲以下。	食物的缺乏，讓許多<兒童>面臨了營養不良的存亡問題。
18	noun.person	Na	2194	幼	普通名詞。尚未成年的人。	同一時期，王建宣一家人也攜小帶<幼>，倉皇上了船，追隨蔣公撤退來臺。
18	noun.person	Na	2195	童	普通名詞。尚未成年的人。常用接尾詞。	據該旅社老闆娘成某介紹，10多個賣花<童>很早就去花市進花了。
11	noun.event	Na	2196	刑事	普通名詞。屬於刑法範圍的法律事件。	應該簡化司法裁判，最可能的做法是，<刑事>判決書的理由部分將予以刪除，這是比較可行的方式。
21	noun.possession	Na	2197	土	普通名詞。屬於國家、團體或私人所有的土地。	溥天之下，莫非王<土>。
21	noun.possession	Na	2198	資產	普通名詞。屬於國家、團體機關或個人所有的有價值的所有物。	禾豐集團有三百億台幣的<資產>總額，去年營業額達三百五十億台幣。
14	noun.cognition	Na	2199	山東	普通名詞。山東的文化。	牛肉麵有口味濃厚的川味系統，有清燉原味的<山東>系統。
21	noun.possession	Na	2200	收入	普通名詞。工作所獲得的金錢報酬。	長庚醫學院護理系主任李選，則將每月<收入>的30%留做退休基金。
9	noun.cognition	Na	2201	板	普通名詞。工業生產中可作為標準的固定樣式。	我們可根據客人的圖樣打<板>製作，也可按客人要求開發新產品。
9	noun.cognition	Na	2202	願	普通名詞。希望將來能達到特定目標的想法。常用接尾詞。	做這一點點小事，就是他在台北拇指山下許的那個<願>，現在，他要走到那個<願>當中去了。
26	noun.state	Na	2203	慾	普通名詞。希望獲得或完成特定對象的心理狀態。常用接尾詞。	當地民眾為滿足口<慾>，而密集追捕當地的鳥類。
17	noun.object	Na	2204	汙	普通名詞。帶有污垢雜質的廢水。	超過百分之六十的排<汙>口鄰近海域，生態環境質量處於極差狀態。
15	noun.location	Na	2206	焦點	普通名詞。平行光線射於球面鏡或透鏡上，被反射或折射後所集聚的一點。	跳接、假借--同一場景運用不同速度或互換<焦點>的運鏡手法改變原有意義。
18	noun.person	Na	2207	老人	普通名詞。年紀大的人。	安養機構供不應求，並不表示<老人>們喜歡在那裡頤養天年。
18	noun.person	Na	2208	妹妹	普通名詞。年紀小的女性孩童。	∥欸，弟弟，<妹妹>，你們等一下，阿姨馬上回來。∥
18	noun.person	Na	2209	妹妹	普通名詞。年輕的女子。	他去泡<妹妹>了。
18	noun.person	Na	2210	弟弟	普通名詞。年輕的男子。	請不要在此聊天室亂把妹妹釣<弟弟>唷。
14	noun.group	Na	2211	代	普通名詞。年齡大致相同的一群人。	在我印象中，美國年輕一<代>自由慣了，做什麼事都很任性，看不起父母，不重視人與人的關係。
6	noun.location	Na	2212	座	普通名詞。座位。	這跑道僅能飛多尼爾十九人<座>的小飛機。
14	noun.cognition	Na	2213	廬山	普通名詞。廬山的文化。	本地除了獨具特色的"湯中一絕"外，還匯集了江西各種風味贛菜，如贛南小炒魚、南昌獅子頭、<廬山>石雞。
6	noun.artifact	Na	2214	室	普通名詞。建築物中以牆壁隔開的單位。常用接尾詞。	六樓有圖書室和語言實習<室>。
6	noun.artifact	Na	2215	梁	普通名詞。建築物中用來支撐該建築物的水平長型條狀物。	在悠悠的樂聲中，阿淘哥的聲音，像餘音繞<梁>般不絕於耳，是非常值得仔細聆聽的好音樂！
6	noun.artifact	Na	2216	基層	普通名詞。建築物的底層。	有些房屋<基層>用石頭或「紅毛土」作基礎，延長使用壽命。
6	noun.artifact	Na	2217	勾	普通名詞。形狀彎曲，可用來懸掛、連結或探取特定物體的器具。	斜撐和立柱間應充分的固定，不可用<勾>掛或插入的方式。
4	noun.act	Na	2218	電影	普通名詞。影片工業，包括週邊相關的所有活動，常出現在比喻的用法中，當作一個圈子或範圍。	他大學畢業之後就積極行動投身<電影>工作。
18	noun.person	Na	2219	弟兄	普通名詞。彼此交情深厚的男性朋友。	白天或人多處他可以輕鬆瀟洒地和眾<弟兄>喝酒，打牌。
14	noun.group	Na	2220	眾	普通名詞。很多的人。	這一次以寡敵<眾>的戰役，是一次決定性的戰爭。
18	noun.person	Na	2221	教師	普通名詞。從事教學工作的人。	繼台大將軍護課程改為選修後，政大<教師>論壇社也將推動政大軍訓改選修。
9	noun.cognition	Na	2222	一生	普通名詞。從出生到死亡的時間。	如果貝多芬執著於巴哈音樂的純淨，或許貝多芬<一生>都作不出任何感人的作品。
18	noun.person	Na	2223	選	普通名詞。從多個同類對象中所挑選出的特定對象。	新院士都是一時之<選>，國內二位，國外六位。
17	noun.object	Na	2224	材	普通名詞。從樹上被砍下或截斷的木頭，通常被用來當柴或建築材料。	我覺得留著這個青山在，不怕無<材>燒。
17	X	nom	2225	泣	普通名詞。從眼睛分泌出來的透明液體。	悲極<泣>下，亦人之常情也。
15	noun.location	Na	2226	路	普通名詞。從起點到終點的距離。	去四川一趟，<路>很遠，也很辛苦。
12	noun.feeling	Na	2227	樂	普通名詞。快樂的感覺或事情。	時間必須充裕，才能充分享受購物之<樂>。
12	noun.feeling	Na	2228	傷感	普通名詞。悲傷的感觸。	他搖搖頭說，不忍心再回去了，那只會徒增<傷感>。
9	noun.cognition	Na	2229	心	普通名詞。想做特定事件的念頭。	在人手不足、經費有限的情形下，他們是<心>有餘而力不足。
9	noun.cognition	Na	2230	目的地	普通名詞。想要到達的位置。	他們將於明年舉行一趟亞洲巡迴表演，臺灣也是<目的地>之一。
10	noun.communication	Na	2231	賬	普通名詞。應付的款項。	上個月漏提工資了，但我這個月結完<賬>才發現。
10	noun.communication	Na	2232	則	普通名詞。應該遵守的規定。	清賦事業進行時，清丈的田賦等第，分田園為上、中、下三等<則>。
10	noun.communication	Na	2233	紀	普通名詞。應該遵守的規定。常用接尾詞。	近期，我院有極少數學生嚴重違反校<紀>校規，擾亂了校園正常的學習、生活和工作秩序。
18	noun.person	Na	2234	有心人	普通名詞。懷有不良意圖的人。	出獄後，我不問世事，努力排除自己的慢心，忍受著<有心人>的惡意中傷。
7	noun.object	Na	2235	雄	普通名詞。成對物品中具有相對的雄性特徵，多半是體型較大或外表有凸出物。	尖石為萬年以上的巨石，根據傳說，原本左右兩岸各有巨岩相連，後被洪水沖斷，位在前的為<雄>岩，後面的為雌岩。
7	noun.person	Na	2236	母	成對物品中具有相對的雌性特徵，多半是體型較小或外表缺乏凸出物。	廣西布努瑤使用公母鼓時，常常是一公一<母>。
18	noun.person	Na	2237	婦女	普通名詞。成年女子。	未婚或晚婚<婦女>發生子宮內膜異位症的情形增多。
18	noun.person	Na	2238	丁	普通名詞。成年男子。	晉書˙卷九十八˙王敦傳：其單<丁>在軍無有兼重者，皆遣歸家，終身不調。
18	noun.person	Na	2239	腿	普通名詞。戲劇中演員扮演的人物。	崔永元電視劇中參一<腿>免費出演《開心公寓》。
6	noun.artifact	Na	2240	戶	普通名詞。房屋。	丙丁區中原住戶有權購買新建成<戶>。
9	noun.act	Na	2241	才藝	普通名詞。才能與技藝。	本校今年的校慶，首度嘗試以<才藝>表演的方式慶祝。
4	noun.act	Na	2242	杆	普通名詞。打撞球時一次的擊球動作。	我後來還跟為為和大舌去打撞球，打了幾<杆>之後就受不了了。
4	noun.act	Na	2243	杆	普通名詞。打高爾夫球時一次的揮擊動作。	我用這來打，一<杆>150碼沒問題。
9	noun.cognition	Na	2244	物	普通名詞。抽象事件。	此刻，他只知無法無天，早不知恐懼為何<物>。
14	noun.state	Na	2245	市場	普通名詞。指商品在市場中的供需關係及消費者的接受度。	先了解<市場>、掌握<市場>，再設廠製造是最穩當的作法。
10	noun.communication	Na	2246	地方	普通名詞。指所陳述事件的部份或方面。	目前的狀況是大原則雖然有所不變，但小<地方>卻無法保持一貫性。
6	noun.artifact	Na	2247	後現代	普通名詞。指拋開現代主義限制的藝術派別。	除了<後現代>的電子歌劇之外，傳統及現代的歌劇均和文學結了難分難解的因緣。
12	noun.feeling	Na	2248	恕	普通名詞。指站在對方的立場去體會對方內心感受的態度。	「<恕>」是「如心」，也就是用我的心比你的心。
15	noun.communication	Na	2249	點	普通名詞。指網路上固定的位址。	關於這個問題，另外還有一種方法是從Internet上某些資料彙集<點>進入。
4	noun.possession	Na	2250	險	普通名詞。按期繳納費用給特定商業機構，該機構會對於特定原因所導致的損害負擔賠償財物的一種商業行為。常用接尾詞。「保險」的縮略。	如果以CIF價成交，你們負責投保哪些<險>﹖
14	noun.state	Na	2251	等	普通名詞。按照質量、程度或地位的差異而作出的區別。	特考分甲、乙、丙、丁四<等>。
14	noun.group	Na	2252	漁業	普通名詞。採捕或養殖水中動、植物的產業。	台灣的<漁業>從業人員都習慣用農曆計算漲退潮的時刻。
18	noun.person	Na	2253	客人	普通名詞。接受邀請、招待或前來拜訪的人，相對於主人。	這個宴會一直到晚上十點多鐘，<客人>才各自告辭回家。
27	noun.substance	Na	2254	素	普通名詞。接尾詞。事物的基本成分。	黃樟<素>是一種芳香油，廣泛的存在自然界，並被用於食品及化粧品中。黃樟<素>亦存在於台灣之檳榔中。
6	noun.artifact	Na	2255	剎	普通名詞。接尾詞。交通工具的煞車裝置，通常是車子。	我想換油但是我不知道前<剎>油的好壞。
18	noun.person	Na	2256	師	普通名詞。接尾詞。以前述知識技能為職業的人。	神腦國際專業維修<師>現場為您服務，歡迎各廠牌手機維修。
13	noun.food	Na	2257	滷	普通名詞。接尾詞。以滷的方法製成的食品。	如果想吃濃稠口味的<滷>白菜可以在起鍋前勾芡。
6	noun.artifact	Na	2258	狗	普通名詞。接尾詞。以狗為形象製成的人造物。	姐姐晚上下班回家拿出她做好的串珠<狗><狗>送給我。
6	noun.artifact	Na	2259	豬	普通名詞。接尾詞。以豬為形象製成的人造物。	他在海邊拾獲一截孟宗竹，靈感一來，刨製成討喜又應景的撲滿<豬>。
14	noun.group	Na	2260	航空	普通名詞。接尾詞。以飛機運輸搭載乘客或貨物為主要業務的機構。「航空公司」的簡省。	新加坡<航空>以新加坡樟宜機場為基地。
10	noun.communication	Na	2261	詞	普通名詞。接尾詞。依照特定語言規律所定義的分類的詞。	因果關聯之關係<詞>，是用於原因與結果的句式串聯上。
18	noun.person	Na	2262	才	普通名詞。接尾詞。具有前述特質的人。	這個蠢<才>民進黨會重用他當文宣部的理由是什麼？
18	noun.person	Na	2263	員	普通名詞。接尾詞。具有前述身份或從事前述工作的人。	洞悉目標是否仍需轟炸，這就是圖片解析<員>與狡猾敵人之間的一場鬥智。
18	noun.person	Na	2264	匠	普通名詞。接尾詞。具有製作前述物品技術，並以其為職業的人。	韋格納畢生創作500多種椅子設計，可說是「椅<匠>中的椅<匠>」。
6	noun.artifact	Na	2265	槍	普通名詞。接尾詞。功能或形狀像槍的物體。	耳溫<槍>的原理，就是掃瞄耳膜後產生的紅外線溫度。
13	noun.food	Na	2266	乾	普通名詞。接尾詞。加工製成的沒有水份的或含水份少的食品。	小魚<乾>含有豐富的鈣質和蛋白質，對成長中的孩子是很好的天然營養來源。
18	noun.person	Na	2267	砲	普通名詞。接尾詞。咒罵語。比喻具有前述特質的人。	哪有賤<砲>在罵我賤的？！這什麼道理？！大家評評理
3	noun.Tops	Na	2268	體	普通名詞。接尾詞。在三度空間內佔有特定體積的物體。	方解石的結晶外型很多，常見的有菱形<體>及六角柱狀。
18	noun.person	Na	2269	媽	普通名詞。接尾詞。在前述地點的寺廟中所供奉的媽祖。	北港<媽>今天是農曆三月十九日，凌晨子時時刻在朝天宮動全體董監事依古禮行儀拜請後，正式出宮遶境兩天，為地方祈福，掃除陰晦。
9	noun.communication	Na	2271	慣	普通名詞。接尾詞。大眾所接受、使用的民間禮儀習慣。	對文化舊<慣>的珍惜，是族群自我認同與重建族群自尊心之要件
13	noun.food	Na	2272	排	普通名詞。接尾詞。大而扁平的肉片。	嚴選蘭陽鴨<排>，歐風燻烤手法，香味倍增！
6	noun.artifact	Na	2273	號	普通名詞。接尾詞。專門從事前述行業的商店。	胡不得已折本售出所收之繭，虧損達1000萬兩以上，全<號>因而倒閉，胡本人亦鬱鬱而歿。
18	noun.person	Na	2274	精	普通名詞。接尾詞。對具有前述負面特質的人的貶稱。	當個學人<精>不是一見容易的事，要有厚臉皮才有辦法做的到。
14	noun.group	Na	2275	台	普通名詞。接尾詞。對大眾開放，具有特定服務功能的單位。	活動中心一樓設服務<台>協助同仁處理綜合所得稅結算申報事宜。
18	noun.person	Na	2276	狂	普通名詞。接尾詞。對特定對象強烈地喜愛或投入的人。	他曾尖刻地抨擊主張辦幾千戶一社的高級社的人是「社會主義<狂>」。
18	noun.person	Na	2277	爸	普通名詞。接尾詞。對與父親年紀相仿的一般年長男子的尊稱。	陳<爸>接到一封從美國寄來的信，是掛號的！
18	noun.person	Na	2278	婆	普通名詞。接尾詞。對與祖母年紀相仿的一般年長女子的尊稱。	正在路邊乘涼的85歲的張太<婆>回憶起1931年那場洪水，還是激動不已。
18	noun.person	Na	2279	媽媽	普通名詞。接尾詞。對親屬中與母親同輩的已婚女子的稱呼。	婕婷先畫畫，再唸故事，由大姑<媽媽>講它寫下來。
18	noun.person	Na	2280	爸爸	普通名詞。接尾詞。對親屬中與父親同輩的已婚男子的稱呼。	我星期六住姑姑家，因為我的姑丈<爸爸>六十大壽了。
18	noun.person	Na	2281	婆	普通名詞。接尾詞。對親屬中與祖母同輩的女子的稱呼。	外甥升格做爸爸，我這個小阿姨自然升格當<婆>囉。
18	noun.person	Na	2282	公	普通名詞。接尾詞。對親屬中與祖父同輩的男子的稱呼。	昨天娘家父母及舅<公>一起面會李醫師，舅<公>罹患第二期胃癌，預定今天進行手術治療。
5	noun.animal	Na	2283	子	普通名詞。幼小、尚未發育成熟的動物。常用接尾詞。	狼<子>是狼母生養的，狼<子>與狼母如何能切斷關係呢？
25	noun.shape	Na	2284	卷	普通名詞。接尾詞。彎轉成圓筒狀的物體。	麻花<卷>雖然好吃但油份和糖分很高，應該少吃。
18	noun.person	Na	2285	丁	普通名詞。接尾詞。從事前述勞動工作的男子。	莊子裡最有名的故事之一是「庖<丁>解牛」。
14	noun.group	Na	2286	局	普通名詞。接尾詞。政府機關或團體分工辦事的單位。	縣府農業<局>楊火松局長指出，利用焚化的方式，載運仔豬需要多人配合協助相關的工作。
10	noun.artifact	Na	2287	卷	普通名詞。接尾詞。有捲軸的書畫作品。	楊補出面誠邀，四人各繪一段山水，由楊補合璧成《四賢圖山水<卷>》。
14	noun.group	Na	2288	林	普通名詞。接尾詞。比喻大量前述對象聚集在特定地點所形成的集合體。	西安市南城牆魁星樓下的碑<林>，因碑石叢立如林而得名。
15	noun.location	Na	2289	屁	普通名詞。接尾詞。比喻物體的末端。	這部片就在火車<屁>當最後一個鏡頭的時候結束了。
18	noun.person	Na	2290	妃	普通名詞。接尾詞。民間對所信仰的女性神明的稱呼。	媽祖是以中國東南沿海為中心的海神信仰，又稱天上聖母、天后、天后娘娘、天<妃>。
18	noun.person	Na	2291	公	普通名詞。接尾詞。民間對所信仰的男性神明的稱呼。	就像大考前一定要拜文昌<公>，不然就表示你沒誠意。
6	noun.artifact	Na	2292	器	普通名詞。接尾詞。為測量特定對象所設計的裝置。	由淡江資訊工程研究所展出的虛擬實境飛行模擬<器>受到軍方的囑目。
25	noun.shape	Na	2293	梁	普通名詞。接尾詞。物體中央突起呈長條狀的部份。	牛河<梁>為山谷間西南至東北走向的漫長山<梁>。
25	noun.shape	Na	2294	肚子	普通名詞。接尾詞。物體形狀像肚子的部份。	他一時間胸腔一抽一抽的，腦袋一墜一墜的，腿<肚子>一沉一沉的。
15	noun.location	Na	2295	心	普通名詞。接尾詞。特定平面的中心。	有一個農夫在早晨經過江邊，忽然看見江<心>浮現一團黑影。
6	noun.artifact	Na	2296	杯	普通名詞。接尾詞。特定競賽中頒給優勝者的獎盃，通常是運動競賽。	這幾年時間給尤文帶來了一座聯賽冠軍，一座聯盟<杯>冠軍和一座義大利<杯>冠軍。
11	noun.act	Na	2297	杯	普通名詞。接尾詞。特定競賽的名稱，通常是運動競賽。	10月28日，第十一屆挑戰<杯>競賽終審決賽在北京航空航天大學隆重開幕。
6	noun.artifact	Na	2298	乳	普通名詞。接尾詞。經過加工合成具有特定功能的濃稠液態物質。	卡派爾皮革保養<乳>含有特殊肥皂成份，可以溫和而徹底地去除皮革污垢。
6	noun.artifact	Na	2299	卷	普通名詞。接尾詞。纏繞在圓筒上的細長物品。	在數位科技未普及前，微縮膠<卷>是大量資料儲存的最佳方法。
6	noun.artifact	Na	2300	扣	普通名詞。接尾詞。衣物上的部件，用於穿過釦眼來固定衣物或裝飾。	男孩，如果你不能為心愛的女孩穿上嫁衣，那麼請停下你解衣<扣>的手。
10	noun.artifact	Na	2301	記	普通名詞。接尾詞。記載或描述事物的作品。	你在避暑雪竇寺<記>中說山路難走，譬如求學一樣，這就對了。
10	noun.communication	Na	2302	蟲	普通名詞。接尾詞。輕蔑他人的言語。	可惜，年輕力壯的阿章是一個超級大懶<蟲>。
17	noun.location	Na	2303	崗	普通名詞。接尾詞。通常用於地勢較低而平的坡地的名稱。	2007年6月，在商業週刊的報導下，「水蜜桃阿嬤」成了整個泰<崗>部落的代名詞。
27	noun.substance	Na	2304	料	普通名詞。提供植物養份的物質。	由甘蔗協會統一安排在大棚裏用<料>、施肥，4月15日起統一定植到大田中。
14	noun.group	Na	2305	研究院	普通名詞。提供碩士或博士學位的教育制度。	張守廉，聯大物理系畢業、清華<研究院>畢業。
6	noun.artifact	Na	2306	梁	普通名詞。搭建在水面上連接兩岸以供人車通行的建築物。	易學津<梁>：「津」為渡口，「<梁>」為橋樑的意思，為提供理解研究《易》之相關基礎著作，整合易研究階段性定論供初學參閱。
18	noun.person	Na	2307	主人	普通名詞。擁有支配特定對象權力的人。	希望大家都做金錢的<主人>，不要做金錢的奴隸。
18	noun.person	Na	2308	官人	普通名詞。擔任政府機關官職的人。	話說宋乾道年間，江西一個<官人>赴調臨安都下，因到西湖上遊玩，獨自一人各處行走。
6	noun.cognition	Na	2309	計	普通名詞。擬定的步驟與方法。	少女依<計>而行，但和尚毫不為所動。
4	noun.communication	Na	2310	賬	普通名詞。收入和支出的記載。常用接尾詞。	請問業主可以查物業公司的<賬>嗎？
21	noun.possession	Na	2311	收入	普通名詞。收到的金錢。	管理人向每個小販收租錢，這也是廟裡的一筆很大的<收入>。
16	noun.phenomenon	Na	2312	力	普通名詞。改變物體運動狀態的能量。常用接尾詞。	這些<力>可以造成粒子的動量改變。
4	noun.act	Na	2313	課堂	普通名詞。教學活動。	從遊玩中印證所學，從大自然中體會出<課堂>上所學不到的智慧。
6	noun.artifact	Na	2314	鎚	普通名詞。敲打用的短棒，通常一端較大且堅硬。常用接尾詞。	魯迪的腦袋彷彿被重<鎚>砸了一下。
3	noun.state	Na	2315	整體	普通名詞。整個事物的全部。	陸委會要從<整體>的利益而不是個別企業的利益來考慮事情。
10	noun.communication	Na	2317	章	普通名詞。文字作品內容結構的主要單位，通常有編號或標題。	本<章>希望能針對「是」的剖析提出幾點建議。
10	noun.communication	Na	2318	體	普通名詞。文字的書寫形式。常用接尾詞。	如為質性研究，正文用細明<體>，對話、引述或節錄部分用標楷<體>。
10	noun.artifact	Na	2319	作品	普通名詞。文學藝術等創作的成品。	這位藝術家的<作品>，很遺憾地，今年便無法在該機構展出。
10	noun.communication	Na	2320	筆觸	普通名詞。文章用詞造句的風格和技巧。	古先生動人的<筆觸>，使我有一種急於探訪的衝動，只是路途遙遠交通不便。
14	noun.cognition	Na	2321	新	普通名詞。新加坡的文化。	亞坤的早餐雖然好吃，但我還是習慣中式、台式、美式的早餐，就是沒辦法吃習慣這<新>式的早餐。
14	noun.cognition	Na	2322	鄭	普通名詞。新鄭的文化。	中原地區盛產水果，尤以<鄭>棗為名。
10	noun.event	Na	2323	咒	普通名詞。施用在特定對象身上的符咒。	我在不斷自己解<咒>，自己下的<咒>自己解。
26	noun.state	Na	2324	生活	普通名詞。日常活動的情況。	<生活>好無趣，想買的東西好多，人的慾望不能小一點嗎?
5	noun.animal	Na	2325	蟲	普通名詞。昆蟲和蠕蟲類的小動物的通稱。常用接尾詞。	聲聲蛙鼓伴<蟲>吟，乘涼到夜深。
28	noun.time	Na	2326	分鐘	普通名詞。時間單位，一分鐘為一小時的六十分之一。	時間表若以<分鐘>為單位，學習效率及辦事精神將會更高。
28	noun.time	Na	2327	時	普通名詞。時間的一個段落。	中國靈籤文化<時>貫千餘年、地廣海內外，至今已深植民間。
28	noun.time	Na	2328	禮拜	時間的單位，一個禮拜有七天。	在台北士林新光網球場舉行的這項培訓，將一連進行五個<禮拜>。
28	noun.time	Na	2329	時	普通名詞。時點。	如未依<時>繳費，則可能喪失專利權。
17	noun.object	Na	2330	明月	普通名詞。晚上天空最明顯的發光的天體，二十八日有形狀的週期改變。	當我們舉頭望<明月>的時候，嫦娥的倩影似乎依稀可見。
10	noun.communication	Na	2331	畫	普通名詞。書寫筆畫的一種，呈由左往右的直線。	倉頡依龜文鳥跡，一<畫>一豎、一點一圈，撇捺鉤挑，配聚而成字體。
10	noun.communication	Na	2332	提	普通名詞。書寫筆畫的一種，由左向右上斜的下鈍上尖的筆畫。	平筆筆劃有六種筆形：橫、豎、撇、捺、點、<提>。
10	noun.communication	Na	2333	字	普通名詞。書寫者所寫下的自己的名字。	這可是你簽的<字>，我們明明說好的，你不可以反悔。
18	noun.person	Na	2334	記錄	普通名詞。會議中記載開會內容的人。	我們一致推舉她當<記錄>。
9	noun.act	Na	2335	工程	普通名詞。有一定計畫的建設工作。	詹天佑在耶魯大學畢業，他學的是土木<工程>和鐵道<工程>。
18	noun.person	Na	2337	媽媽	普通名詞。有子女的女子。	她們之中有的很年輕，大約剛國中畢業，也有的做<媽媽>了。
18	noun.person	Na	2338	爸	普通名詞。有子女的男子。	資助3名當地兒童讓他終於體驗當<爸>的感覺！
18	noun.person	Na	2339	婆	普通名詞。有孫子的女子。	做豬愛食潘，做<婆>愛率孫。
18	noun.person	Na	2340	祖父	普通名詞。有孫子的男子。	做<祖父>的他，早將孫兒名字都取好了。
6	noun.artifact	Na	2341	櫃	普通名詞。有抽屜或門可供放置物品的家具。常用接尾詞。	若以男人所需要的四呎來說，可能就要配合一些其他的矮<櫃>。
10	noun.artifact	Na	2343	歌	普通名詞。有旋律和詞、可供人歌唱的音樂作品。常用接尾詞。	我寫了一首交通安全<歌>，拿給王昌星看。他說我寫得不錯。
18	noun.person	Na	2345	殘	普通名詞。有生理或心理機能障礙的人。	只要與<殘>奧有關的事情，他都全力參與。
20	noun.plant	Na	2346	樹	普通名詞。木本植物類的通稱，多年生植物，主要由樹幹及樹葉組成。	昨天晚上吹了一陣西風，把一棵碧綠的<樹>凋零了。
13	noun.food	Na	2347	李	普通名詞。李樹果實所醃漬成的蜜餞。	醉梅及酒<李>是最適合在聊天時使用的零嘴了，多了一點酒香，也更添一番滋味。
20	noun.plant	Na	2348	李	普通名詞。李樹的果實。	苗130縣道全線工程於去年完工。從此觀光客入山採桃、採<李>，不再擔心交通受阻。
20	noun.plant	Na	2349	核心	普通名詞。果實內保護果仁的堅硬外殼。	先把梨子洗乾淨，再橫切一半，切好後把梨子的<核心>挖掉。
10	noun.communication	Na	2350	網	普通名詞。架設在網際網路上以HTTP傳輸交換資訊的所有網站的總稱。	有些大學生住宿舍，家長管不著，就有人因整夜在<網>上流連，早上起不來，翹課、成績退步、健康走下坡。
9	noun.cognition	Na	2351	推測	普通名詞。根據已經知道的事實所提出來的合理假設。	這位官員對三邊關係的判斷，論點或<推測>，值得臺灣高度重視。
20	noun.plant	Na	2352	梅	普通名詞。梅樹的果實。	大家陶醉在青山紅梅之間，享受採<梅>之樂。
20	noun.plant	Na	2353	翅	普通名詞。植物果實向兩側延伸出像昆蟲或鳥類翅膀的部份。	植物種皮具<翅>者稱為具<翅>種子。
20	noun.plant	Na	2354	花兒	普通名詞。植物的主要器官之一，主要用於繁殖，通常具有顏色鮮豔和形狀漂亮的花瓣。	春天裡，漫山遍野開著美麗的<花兒>，小蜜蜂高興的四處飛舞。
20	noun.plant	Na	2355	花	普通名詞。植物的主要器官之一，主要用於繁殖，通常具有顏色鮮豔和形狀漂亮的花瓣。常用接尾詞。	隨著柔美的聲音出現的，是一位嬌豔如<花>的少女。
20	noun.plant	Na	2356	種	普通名詞。植物的器官，由胚珠發育而成，可以發展成與母株相同的植物，主要由種皮、胚和胚乳三部份組成。常用接尾詞。	這種植物生長速度緩慢，所以必須經人工採<種>，而後再進行栽植。
6	noun.artifact	Na	2357	珍	普通名詞。極為珍貴的物品。	這座大樓中藏有不少稀世之<珍>的樂譜和其他大事紀綠。
3	noun.shape	Na	2358	形	普通名詞。構成特定對象的外部輪廓。常用接尾詞。	他們練唱的場地的台階，排成聖誕樹<形>，充滿濃濃的耶誕節氣氛。
9	noun.cognition	Na	2359	樣	普通名詞。模範，模仿學習的對象或模式。	這班小孩子，一個個好模好<樣>，也還覺得聰俊。
14	noun.group	Na	2360	課	普通名詞。機關中依照工作性質所分設的單位，通常在處或室之下，在股之上。常用接尾詞。	環保局編製有二<課>，九名人員，辦公地點暫借縣衛生局一樓。
6	noun.artifact	Na	2361	庄	普通名詞。權貴或富有人家所擁有的大範圍土地及其內內的建築物。常用接尾詞。	和尚著急四望，所幸不遠處有一座<庄>園，只好拔起腳步去求宿一宵，避避風雨。
10	noun.communication	Na	2362	前言	普通名詞。正文之前，用以說明或介紹全書內容的部份。	文除<前言>、結論外共分六節，第二節先從食物的分類加以介紹。
6	noun.act	Na	2363	班	普通名詞。正規學校系統之外，教授特定知識或技能的場所。	珠算<班>有一個小朋友沒寫回家功課，被打了八下。
4	noun.act	Na	2364	槍	普通名詞。武術中使槍的技法。常用接尾詞。	小弟最近想要學<槍>，至於是它長什麼樣子，大概就是有根尖頭的那種，北部的話有人在授課嗎？
28	noun.time	Na	2365	年代	普通名詞。歷史上依特定標準而劃分的特定時段。	在那重男輕女的<年代>裡，無數女子都如雜草般自生自滅。
18	noun.person	Na	2366	孤	普通名詞。死了父親的孩子。	他為人樂善好施，舉凡鰥、寡、<孤>、獨、廢、疾者無不恩蒙其惠。
3	noun.Tops	Na	2367	人	普通名詞。每個人。	春天這季節，總是令<人>喜悅，它是一種對生命的展現。
6	noun.cognition	Na	2368	捷徑	普通名詞。比一般更快的路程或方法。	因隔著深邃的泰岡溪谷，一下一上走<捷徑>，至少也得花三個小時。
6	noun.act	Na	2369	遠道	普通名詞。比一般更遠的路程。	若是<遠道>讀者不方便親自前來，則歡迎來函索取。
11	noun.act	Na	2370	仗	普通名詞。比喻一次對立競爭的比賽。	何謂自我保護﹖那就是識時務者為俊傑，不打沒有把握的<仗>。
21	noun.possession	Na	2371	油	普通名詞。比喻不正當的利益或好處。	聽各個學長分析，最好撈<油>的地方，就是中山局。
9	noun.cognition	Na	2372	樣	普通名詞。比喻事件原來或預期的形式。	走過三十年的經濟高成長，風貌秀麗的台灣山川身材漸漸走了<樣>：山裡有地下工廠、河川有暗管。
9	noun.cognition	Na	2373	基層	普通名詞。比喻事件發展的基礎。	以Python程式語言為<基層>，統合開發與執行效率最佳。
7	noun.cognition	Na	2374	幅	普通名詞。比喻事物改變的程度。	回顧過去十年來，新能源的開發進展遲緩，變<幅>不大。
9	noun.cognition	Na	2375	意義	普通名詞。比喻事物的用途或正面作用。	這是國內首次舉辦原住民母語研討會，其<意義>非比尋常。
7	noun.attribute	Na	2376	臉	普通名詞。比喻人的尊嚴。	你的醜事我是不管的，這事要是給鄰居知道，叫我<臉>往那裡放？
9	noun.cognition	Na	2377	魂	普通名詞。比喻人的精神和情緒。	芭比是隻一出生即飽受侵擾、虐待、驚嚇、<魂>驚未定的小貓。
9	noun.cognition	Na	2378	勁	普通名詞。比喻做特定事件需要的精神心力。	每位幹事都卯足了<勁>辦活動，成立社團，補充休閒設備。
11	noun.act	Na	2379	戰爭	普通名詞。比喻兩個以上的對象因目的上的對立而產生持續性的衝突。	這種問題講了半天，好像是男人和女人的<戰爭>。
7	noun.attribute	Na	2380	料	普通名詞。比喻具有進行特定事件的特質。	他認為拉赫曼尼諾夫是鋼琴家的<料>，作曲只會浪費了他的鋼琴天賦。
9	noun.cognition	Na	2381	走向	普通名詞。比喻前述事件發展的方向。	今年的股市<走向>如何？
9	noun.cognition	Na	2382	來源	普通名詞。比喻前述對象在傳遞交換時的提供者。	因家住山邊，所以砍柴成了他換取米糧的生計<來源>。
8	noun.animal	Na	2383	耳	普通名詞。比喻動物的聽覺。	人家說狐狸<耳>很靈，多遠的壞話都聽得到。
7	noun.cognition	Na	2384	腿	普通名詞。比喻參與事件的身份。	發貼心情，我也來軋一<腿>。
9	noun.cognition	Na	2385	鏡	普通名詞。比喻反映特定對象，可供參考或警惕的對象。	聖經是一面<鏡>，使我們更深的認識自我的本相，叫我們不會任意而行。
7	noun.cognition	Na	2386	階級	普通名詞。比喻古時官職的等級。	<階級>名位，亦宜超然，若復隨輩而進，非所以章偉之高價，昭知人之絕明也。
21	noun.cognition	Na	2387	棒子	普通名詞。比喻可以被傳承的責任。	連戰怎麼能交卸黨主席<棒子>?
18	noun.person	Na	2388	焦點	普通名詞。比喻吸引眾人注意力的對象。	這是一張簡單的照片，<焦點>在於經修剪過的植物形狀。
18	noun.person	Na	2389	毒物	普通名詞。比喻團體中會對該團體產生危害的特定對象。	「千里來作官，為了吃和穿」，炫耀自己，光宗耀祖，是幾千年來封建社會的<毒物>。
18	noun.person	Na	2390	將	普通名詞。比喻在團體中扮演領導角色的人。	它可能破壞您內部的和諧，如果不小心，損兵折<將>事小，令您的基業動搖則事大。
18	noun.person	Na	2391	梁	普通名詞。比喻在特定事件中最重要的角色。常與「挑」連用。	誰寫劇本誰擔主<梁>？
7	noun.cognition	Na	2392	貌	普通名詞。比喻地區或機構所呈現的整體外觀。常用接尾詞。	陶橋村的村容村<貌>20多年沒有大的改變。
10	noun.cognition	Na	2393	環境	普通名詞。比喻家庭經濟狀況。	他家<環境>不好，成長過程中，一路要跟另外四個兄弟姊妹爭奪資源。
9	noun.cognition	Na	2394	課	普通名詞。比喻富有教育意義事件的單位。	追求民主的精神，是現代教育中最重要的一<課>。
9	noun.cognition	Na	2396	心	普通名詞。比喻對特定事物的認識見解。	在他<心>裡，他的作品就是人和大自然相互結合的呈現。
9	noun.cognition	Na	2397	賬	普通名詞。比喻心中對特定事件的計畫，通常是為了自己的利益。	他嘴上雖這樣說，但心裏卻有另一本<賬>。
9	noun.cognition	Na	2398	賬	普通名詞。比喻應負的責任。	他們把民族仇、亡國恨全記在戰犯、漢奸的<賬>上。
9	noun.cognition	Na	2399	癮	普通名詞。比喻成為習慣的嗜好。常用接尾詞。	過完滑雪<癮>以後，我把地上的雪挖起來，向上一拋！
4	noun.cognition	Na	2400	套	普通名詞。比喻方法、手段。	你這是哪一<套>啊？誰會理你啊？
11	noun.event	Na	2401	時	普通名詞。比喻時代的趨勢或潮流。	做生意不能一成不變，而是要與<時>推移。
21	noun.possession	Na	2402	資產	普通名詞。比喻有正面價值的前述對象。	學者社區是學術研究最珍貴的<資產>，因為這裡是思想的試金石。
6	noun.cognition	Na	2403	捷徑	普通名詞。比喻比一般更快或省時的方法。	西諺常言：「增進生產力的<捷徑>乃在於上下間的充分交流。」
8	noun.body	Na	2404	肚子	普通名詞。比喻消化功能。	小妹妹，這個不能吃，吃了會<肚子>痛。
18	noun.person	Na	2405	馬	普通名詞。比喻為他人從事勞動工作的人。常用「…牛…馬」。	您的恩情我這輩子永遠沒辦法還清，只有等到下輩子變牛變<馬>了。
15	noun.location	Na	2406	腔	普通名詞。比喻物體內的中空部份。常用接尾詞。	機械定時器控制，操作簡單，噴塗爐<腔>，豪華亮黑玻璃面板。
28	noun.time	Na	2407	年紀	普通名詞。比喻物體的存在時間長度。	雖然我的電腦<年紀>有點大了，下載DSL或是HTTP的速度都不錯。
15	noun.location	Na	2408	脖	普通名詞。比喻物體連接最頂端的部份。	老頭兒一聽傳叫，一愣，馬上把驢拴在門口大歪<脖>槐樹上，隨後進陽禹家大門。
18	noun.cognition	Na	2409	種	普通名詞。比喻特地培養的事件發展的開端或推動者。	我們的一個愛心<種>，將使得更多處在絕望失望的生命有尊嚴的活下去。
9	noun.cognition	Na	2410	道路	普通名詞。比喻特定事件的發展過程。	民主，原非一蹴可幾。民主化的<道路>顯然漫長而崎嶇，世界皆然。
7	noun.cognition	Na	2411	指數	普通名詞。比喻特定事件的程度。	選2的朋友最近一個月你寂寞難耐的<指數>有55。
9	noun.cognition	Na	2412	時	普通名詞。比喻特定事件進行時不容易找到或無法維持很久的適當時間。	國民黨見高下。呵，<時>也。命也，兩頭都不夠看啊！
7	noun.cognition	Na	2413	速度	普通名詞。比喻特定事件進行的快慢的程度。	有線電視在臺灣發展的<速度>，堪稱是另一項臺灣奇蹟。
9	noun.cognition	Na	2414	境地	普通名詞。比喻特定作品達到的成熟程度。	佛是理智、情感和能力都同時達到最圓滿<境地>的人格。
7	noun.attribute	Na	2415	色彩	普通名詞。比喻特定對象具有的前述特質。	他從不久居一地，以保持他超絕的神祕<色彩>。
9	noun.cognition	Na	2416	外殼	普通名詞。比喻特定對象呈現出的表象，通常用於偽裝。	大以後建立自己的家，具體表示有了獨立於父母的生活，房子成為保護人格的<外殼>。
9	noun.cognition	Na	2417	範疇	普通名詞。比喻特定對象所涉及到的所有相關事物。	性歧視基本上把「性」當成社會結構中一個特別的文化及道德<範疇>。
9	noun.cognition	Na	2418	核心	普通名詞。比喻特定對象的重要核心部份。	奉養父母在所有孝道行為中是相當<核心>的部分。
9	noun.cognition	Na	2419	年紀	普通名詞。比喻生物適合從事前述事件的一段生命時間範圍。	都到了成家<年紀>，別把終身大事給耽誤了。
8	noun.body	Na	2420	肚子	普通名詞。比喻生產能力。	我們結婚已快滿四年了，但老婆的<肚子>一直都沒消息。
9	noun.cognition	Na	2421	年代	普通名詞。比喻當代的主流思想和趨勢。	大哥咱們要跟上<年代>才行啊！
10	noun.communication	Na	2422	比喻	普通名詞。比喻的內容。	妳要知道，我們中國人是最喜歡用<比喻>的民族。
14	noun.group	Na	2423	林	普通名詞。比喻符合前述標準且具有共同性質的對象的集合體。	過去做為餵養奴隸的食物，也搖身一變，名列美食之<林>。
7	noun.cognition	Na	2424	垢	普通名詞。比喻缺點。	評杜則多恕辭，多過情之譽。評李則多深文而索<垢>。
9	noun.cognition	Na	2425	天	普通名詞。比喻能使才能或特質得到發揮的領域。	已經是大學生的童星皓皓，去年底和好友組成「夢想小丑劇團」，他要化身小丑，讓「小丑」在台灣闖出一片<天>。
18	noun.person	Na	2426	醫生	普通名詞。比喻能修補前述對象或解決特定問題的特定對象。	他擅長修電腦所以大家叫他電腦<醫生>。
18	noun.person	Na	2427	將	普通名詞。比喻能力比較好的人。	陳伯斯全場攻下卅八分，其中下半場即拿下廿七分，尤其在第三節率領太陽諸<將>連得十九分。
9	noun.cognition	Na	2428	道路	普通名詞。比喻能達到特定目標的途徑。	在抗癌的<道路>上，醫師是幫助者不是敵人。
19	noun.phenomenon	Na	2429	界	普通名詞。比喻自成體系的組織或現象。常用接尾詞。	黃楊山山勢奇雄，清淨幽雅，身臨其境，如登仙<界>。
9	noun.cognition	Na	2430	道	普通名詞。比喻處理事情或解決問題的方法。	他們邀請施振榮先生談論新創事業有效經營之<道>，席間介紹他是宏外企業的董事長。
9	noun.cognition	Na	2431	箭	普通名詞。比喻被射出的箭能到達的距離。	酒店距離著名的外灘、東方明珠電視塔以及最高建築金茂大廈僅一<箭>之地。
26	noun.cognition	Na	2432	景	普通名詞。比喻視覺可觀察到的事件狀態。	入夜後的山區黑漆漆的，一個女人抱著孩子哀號，此<景>令人鼻酸。
4	noun.act	Na	2433	砲	普通名詞。比喻言語攻擊。	國民黨提前拉高戰備，一有話題，不等應戰，立即<砲>打對手。
4	noun.act	Na	2434	槍	普通名詞。比喻言語攻擊。常與「打」連用。	我自認已經進步滿多時被打了許多<槍>我又該說什麼，交朋友是交心啊，我把心交出去了，別人還未必會給我他的心?
9	noun.cognition	Na	2435	格	普通名詞。比喻進行特定事件所應具備的條件或標準。	這種人若真的陰訛陽錯，碰上知遇逾<格>提拔，小民的日子就更不好過了。
9	noun.cognition	Na	2436	本錢	普通名詞。比喻達成特定事件可以憑藉的條件。	古往今來的英雄豪傑，他們成功的最大<本錢>就是充滿了自信心。
9	noun.cognition	Na	2437	匙	普通名詞。比喻達成特定事件最重要的條件。	良好的學習習慣是成功之<匙>。
4	noun.act	Na	2438	躲貓貓	普通名詞。比喻違法者躲避法律制裁的行為。	不要再跟警察玩<躲貓貓>，臣服在中華民國的法規下！
9	noun.cognition	Na	2439	來源	普通名詞。比喻開創或造成前述對象的特定對象。	茶的<來源>是關於菩提達摩，一個很美的傳說。
9	noun.cognition	Na	2440	障礙	普通名詞。比喻阻礙事件進行的特定對象。	人生路上誰無<障礙>？當面對<障礙>時你可能要問自己一句：我怕甚麼？
17	noun.object	Na	2442	氣	普通名詞。水受熱沸騰後變成的氣體。	用<氣>鍋燉雞已經有200多年的歷史。
10	noun.communication	Na	2443	濕	普通名詞。水墨畫筆勢的一種，含墨量多。	用筆上抑揚頓挫富有節奏感；用墨、用色上乾<濕>相濟、變化多端。
17	noun.object	Na	2444	雪	普通名詞。水氣在零度以下所凝結成的六角形白色晶體。	天還是那樣陰沉沉的，但雨、<雪>都停止了。
14	noun.animal	Na	2445	魚類	普通名詞。水生脊椎動物的通稱，用鰓呼吸，有鰭。	由於強烈的光束對夜間棲息的<魚類>，具有迷眩作用，所以抓來順手，比白天抓魚還要容易。
14	noun.cognition	Na	2446	蘇	普通名詞。江蘇的文化。	自從上海逐步發展成為繁忙通商口岸後，<蘇>浙菜作為上海的外幫菜，與上海本幫菜系經過百多年來的融匯，發展成為現代的上海菜。
17	noun.object	Na	2447	氣	普通名詞。沒有固定形狀或體積，可以流動的物體。常用接尾詞。	你像洩了<氣>的皮球，一籌莫展。
13	noun.food	Na	2448	泡	普通名詞。沖泡出來的飲料，通常是茶或咖啡。	最好將第一<泡>倒掉，可減低殘留農藥攝取。
7	noun.object	Na	2449	來源	普通名詞。河川開始流出的特定處所。	我們抄垂直的近路找到水塘為先，再從水塘的<來源>尋找這整條河的<來源>。
14	noun.cognition	Na	2450	法國	普通名詞。法國的文化。	這家百貨公司裡的各種名店供應最時髦的<法國>服飾、餐飲、汽車和電器。
14	noun.cognition	Na	2451	泰雅	普通名詞。泰雅的文化。	另外有<泰雅>舞蹈，<泰雅>美食等各種<泰雅>風情的鄉野活動為這次的部落巡奇增添更多美好的回憶。
17	noun.object	Na	2452	泥土	普通名詞。混合著水與土的半固體狀物。	俑是古代用於陪葬的偶人，材質用<泥土>、木頭或銅、石、金屬製品等製成。
6	noun.artifact	Na	2453	表	普通名詞。測量的工具。常用接尾詞。	那裡的人帶記者看<表>時發現鎖進了水，只得費力撬開。
9	noun.cognition	Na	2454	左	普通名詞。激進的政治思想。	工人運動有兩個方向：右與<左>、閹雞派與自主派。
6	noun.artifact	Na	2455	板	普通名詞。為了傳遞或公告訊息而設置的板狀物。常用接尾詞。	在張貼海報時，自行將原先童軍團的捐血海報取下，並讓出一<板>給未申請海報板的國思社使用。
16	noun.motive	Na	2456	志願	普通名詞。為自己的生涯所立下的目標。	除了是籃球好手，游泳、排球等各項運動也是一把罩，但她的<志願>卻是當個音樂家。
10	noun.possession	Na	2457	賞	普通名詞。為表揚或勉勵而發給的榮譽。常用接尾詞。	朱鎮模終於苦盡甘來憑藉《愛情》入圍了男主角<賞>。
9	noun.cognition	Na	2458	分	普通名詞。無法自己選擇的角色。	有了車馬炮就可以衝鋒陷陣、攻城略地，無它就只有挨打的<分>。
27	noun.substance	Na	2459	化石燃料	普通名詞。燃燒後可產生能量的一種氫碳化合物或其衍生物。	<化石燃料>除了可以用作燃料外(例如：焦碳、天然氣、汽油、燃料)，還可以轉變成其他有用的產品。
18	noun.person	Na	2460	女生	普通名詞。父母對自己所生育的女性後代的指稱。	我生小孩想要<女生>...真的很想。
18	noun.person	Na	2461	男生	普通名詞。父母對自己所生育的男性後代的指稱。	這對夫妻育有一個<男生>一個女生，<男生>已經上小學了。
18	noun.person	Na	2462	親	普通名詞。父親和母親。	但是他寫此書動機豈非在寫失<親>的悲痛，和舊人類一樣牽絆不捨的悲痛？
26	noun.state	Na	2463	體	普通名詞。物質的存在狀態。	自古中醫望聞問切，都以固液二<體>為主，忽略了氣<體>。
15	noun.location	Na	2464	孔	普通名詞。物體中空可被其他物體通過的地方。	她俯下身來，見狼皮的肚腹處有個刃<孔>。
4	noun.state	Na	2465	速	普通名詞。物體在單位時間內運動所經過的距離，不考慮其運動方向。	設於此處的測<速>照相桿去年共拍了五萬九千四百四十四張違規照片。
3	noun.Tops	Na	2466	空	普通名詞。物體存在的範圍，由長度、寬度、高度所構成的無限延伸的系統，通常和時間相對。	詩人的眼中沒有時與<空>的界線。
7	noun.attribute	Na	2467	幅	普通名詞。物體振動或搖擺所展開的寬度。	小腦病變徵象，如動<幅>障礙和運動失調。
7	noun.attribute	Na	2468	色彩	普通名詞。物體表面因反射或透過的光波，產生特定視覺現象所呈現的結果。	我們走到荷畔餐廳，整個餐廳裝潢是深菊紅色，這種<色彩>滿有異國情調的。
15	noun.location	Na	2469	縫	普通名詞。物體表面狹小細長的缺口。常用接尾詞。	在里德橋上的石頭<縫>中藏著兩隻可愛的藍磯鵠。
15	noun.location	Na	2470	空	普通名詞。物體表面破裂可穿透的部份。	褲底破一<空>，妳也快要當新娘了吧。
4	noun.act	Na	2471	注意	普通名詞。特別專注的觀察。	故宮展覽組組長周功鑫表示，據她觀察，雕刻、珍玩的確最能吸引小孩的<注意>。
